date,event_harbour,harbourmin1,event_WWTW,wwtwmin1,wwtwmin2,rainfall_warkworth,rainfall_rothbury,flow_morwick,flow_rothbury,Roth_rainfall_lag1,Roth_rainfall_lag2,Roth_rainfall_lag3,Roth_flow_lag1,Roth_flow_lag2,Roth_flow_lag3,Wark_rainfall_lag1,Wark_rainfall_lag2,Wark_rainfall_lag3,Mor_flow_lag1,Mor_flow_lag2,Mor_flow_lag3,Roth_rainfall_roll3,Roth_rainfall_roll7,Roth_flow_roll3,Roth_flow_roll7,Wark_rainfall_roll3,Wark_rainfall_roll7,Mor_flow_roll3,Mor_flow_roll7,Roth_rainfall_sum3,Roth_rainfall_sum7,Wark_rainfall_sum3,Wark_rainfall_sum7
29/11/2024,0,0,1,0,0,1.6,0.8,6.381,4.976,NA,NA,NA,NA,NA,NA,NA,NA,NA,NA,NA,NA,NA,NA,NA,NA,NA,NA,NA,NA,NA,NA,NA,NA
30/11/2024,0,0,0,1,0,0,0,6.097,5.201,0.8,NA,NA,4.976,NA,NA,1.6,NA,NA,6.381,NA,NA,NA,NA,NA,NA,NA,NA,NA,NA,NA,NA,NA,NA
01/12/2024,0,0,0,0,0,1.2,6,8.086,7.965,0,0.8,NA,5.201,4.976,NA,0,1.6,NA,6.097,6.381,NA,2.266666667,NA,6.047333333,NA,0.933333333,NA,6.854666667,NA,6.8,NA,2.8,NA
02/12/2024,0,0,1,0,0,8.8,8,16.279,9.667,6,0,0.8,7.965,5.201,4.976,1.2,0,1.6,8.086,6.097,6.381,4.666666667,NA,7.611,NA,3.333333333,NA,10.154,NA,14,NA,10,NA
03/12/2024,0,0,1,1,0,2.2,1,12.215,7.227,8,6,0,9.667,7.965,5.201,8.8,1.2,0,16.279,8.086,6.097,5,NA,8.286333333,NA,4.066666667,NA,12.19333333,NA,15,NA,12.2,NA
04/12/2024,0,0,0,1,0,1.4,2.8,9.994,7.48,1,8,6,7.227,9.667,7.965,2.2,8.8,1.2,12.215,16.279,8.086,3.933333333,NA,8.124666667,NA,4.133333333,NA,12.82933333,NA,11.8,NA,12.4,NA
05/12/2024,1,0,1,0,0,9.6,9.8,29.081,15.892,2.8,1,8,7.48,7.227,9.667,1.4,2.2,8.8,9.994,12.215,16.279,4.533333333,4.057142857,10.19966667,8.344,4.4,3.542857143,17.09666667,12.59042857,13.6,28.4,13.2,24.8
06/12/2024,1,1,1,1,0,9,10.6,27.928,16.873,9.8,2.8,1,15.892,7.48,7.227,9.6,1.4,2.2,29.081,9.994,12.215,7.733333333,5.457142857,13.415,10.04357143,6.666666667,4.6,22.33433333,15.66857143,23.2,38.2,20,32.2
07/12/2024,1,1,1,1,1,27.8,36.4,132.422,108.234,10.6,9.8,2.8,16.873,15.892,7.48,9,9.6,1.4,27.928,29.081,9.994,18.93333333,10.65714286,46.99966667,24.76257143,15.46666667,8.571428571,63.14366667,33.715,56.8,74.6,46.4,60
08/12/2024,1,1,1,1,1,4.4,8.4,107.632,58.539,36.4,10.6,9.8,108.234,16.873,15.892,27.8,9,9.6,132.422,27.928,29.081,18.46666667,11,61.21533333,31.98742857,13.73333333,9.028571429,89.32733333,47.93585714,55.4,77,41.2,63.2
09/12/2024,0,1,1,1,1,1,0.8,42.781,22.95,8.4,36.4,10.6,58.539,108.234,16.873,4.4,27.8,9,107.632,132.422,27.928,15.2,9.971428571,63.241,33.885,11.06666667,7.914285714,94.27833333,51.72185714,45.6,69.8,33.2,55.4
10/12/2024,0,0,0,1,1,0,0,25.885,13.529,0.8,8.4,36.4,22.95,58.539,108.234,1,4.4,27.8,42.781,107.632,132.422,3.066666667,9.828571429,31.67266667,34.78528571,1.8,7.6,58.766,53.67471429,9.2,68.8,5.4,53.2
11/12/2024,0,0,0,0,1,0,0,18.308,10.172,0,0.8,8.4,13.529,22.95,58.539,0,1,4.4,25.885,42.781,107.632,0.266666667,9.428571429,15.55033333,35.16985714,0.333333333,7.4,28.99133333,54.86242857,0.8,66,1,51.8
12/12/2024,0,0,0,0,0,0,1,15.149,8.329,0,0,0.8,10.172,13.529,22.95,0,0,1,18.308,25.885,42.781,0.333333333,8.171428571,10.67666667,34.08942857,0,6.028571429,19.78066667,52.87214286,1,57.2,0,42.2
13/12/2024,0,0,0,0,0,0,0.2,13.421,7.297,1,0,0,8.329,10.172,13.529,0,0,0,15.149,18.308,25.885,0.4,6.685714286,8.599333333,32.72142857,0,4.742857143,15.626,50.79971429,1.2,46.8,0,33.2
14/12/2024,0,0,0,0,0,0,0,11.906,6.535,0.2,1,0,7.297,8.329,10.172,0,0,0,13.421,15.149,18.308,0.4,1.485714286,7.387,18.193,0,0.771428571,13.492,33.58314286,1.2,10.4,0,5.4
15/12/2024,0,0,0,0,0,0,0.2,10.371,5.97,0,0.2,1,6.535,7.297,8.329,0,0,0,11.906,13.421,15.149,0.133333333,0.314285714,6.600666667,10.68314286,0,0.142857143,11.89933333,19.68871429,0.4,2.2,0,1
16/12/2024,0,0,0,0,0,0,0.2,9.32,5.638,0.2,0,0.2,5.97,6.535,7.297,0,0,0,10.371,11.906,13.421,0.133333333,0.228571429,6.047666667,8.21,0,0,10.53233333,14.90857143,0.4,1.6,0,0
17/12/2024,0,0,1,0,0,2.4,2.6,8.682,5.38,0.2,0.2,0,5.638,5.97,6.535,0,0,0,9.32,10.371,11.906,1,0.6,5.662666667,7.045857143,0.8,0.342857143,9.457666667,12.451,3,4.2,2.4,2.4
18/12/2024,0,0,1,1,0,0,0.2,9.318,7.202,2.6,0.2,0.2,5.38,5.638,5.97,2.4,0,0,8.682,9.32,10.371,1,0.628571429,6.073333333,6.621571429,0.8,0.342857143,9.106666667,11.16671429,3,4.4,2.4,2.4
19/12/2024,0,0,0,1,0,0,0,8.393,5.565,0.2,2.6,0.2,7.202,5.38,5.638,0,2.4,0,9.318,8.682,9.32,0.933333333,0.485714286,6.049,6.226714286,0.8,0.342857143,8.797666667,10.20157143,2.8,3.4,2.4,2.4
20/12/2024,0,0,0,0,0,0,0.2,7.175,4.983,0,0.2,2.6,5.565,7.202,5.38,0,0,2.4,8.393,9.318,8.682,0.133333333,0.485714286,5.916666667,5.896142857,0,0.342857143,8.295333333,9.309285714,0.4,3.4,0,2.4
21/12/2024,0,0,0,0,0,0,1.4,6.847,5.012,0.2,0,0.2,4.983,5.565,7.202,0,0,0,7.175,8.393,9.318,0.533333333,0.685714286,5.186666667,5.678571429,0,0.342857143,7.471666667,8.586571429,1.6,4.8,0,2.4
22/12/2024,0,0,0,0,0,0,0,6.606,5.08,1.4,0.2,0,5.012,4.983,5.565,0,0,0,6.847,7.175,8.393,0.533333333,0.657142857,5.025,5.551428571,0,0.342857143,6.876,8.048714286,1.6,4.6,0,2.4
23/12/2024,0,0,0,0,0,1.2,1,5.98,4.472,0,1.4,0.2,5.08,5.012,4.983,0,0,0,6.606,6.847,7.175,0.8,0.771428571,4.854666667,5.384857143,0.4,0.514285714,6.477666667,7.571571429,2.4,5.4,1.2,3.6
24/12/2024,1,0,0,0,0,0.2,0,5.529,4.26,1,0,1.4,4.472,5.08,5.012,1.2,0,0,5.98,6.606,6.847,0.333333333,0.4,4.604,5.224857143,0.466666667,0.2,6.038333333,7.121142857,1,2.8,1.4,1.4
25/12/2024,0,1,0,0,0,0,0,5.202,3.976,0,1,0,4.26,4.472,5.08,0.2,1.2,0,5.529,5.98,6.606,0.333333333,0.371428571,4.236,4.764,0.466666667,0.2,5.570333333,6.533142857,1,2.6,1.4,1.4
26/12/2024,0,0,0,0,0,0,0,4.839,3.696,0,0,1,3.976,4.26,4.472,0,0.2,1.2,5.202,5.529,5.98,0,0.371428571,3.977333333,4.497,0.066666667,0.2,5.19,6.025428571,0,2.6,0.2,1.4
27/12/2024,0,0,0,0,0,0.2,0,4.565,3.511,0,0,0,3.696,3.976,4.26,0,0,0.2,4.839,5.202,5.529,0,0.342857143,3.727666667,4.286714286,0.066666667,0.228571429,4.868666667,5.652571429,0,2.4,0.2,1.6
28/12/2024,0,0,0,0,0,0,0,4.391,3.365,0,0,0,3.511,3.696,3.976,0.2,0,0,4.565,4.839,5.202,0,0.142857143,3.524,4.051428571,0.066666667,0.228571429,4.598333333,5.301714286,0,1,0.2,1.6
29/12/2024,0,0,0,0,0,1,0.2,4.231,3.237,0,0,0,3.365,3.511,3.696,0,0.2,0,4.391,4.565,4.839,0.066666667,0.171428571,3.371,3.788142857,0.4,0.371428571,4.395666667,4.962428571,0.2,1.2,1.2,2.6
30/12/2024,0,0,0,0,0,0,0,3.976,3.115,0.2,0,0,3.237,3.365,3.511,1,0,0.2,4.231,4.391,4.565,0.066666667,0.028571429,3.239,3.594285714,0.333333333,0.2,4.199333333,4.676142857,0.2,0.2,1,1.4
31/12/2024,0,0,1,0,0,2.6,9.4,6.066,7.846,0,0.2,0,3.115,3.237,3.365,0,1,0,3.976,4.231,4.391,3.2,1.371428571,4.732666667,4.106571429,1.2,0.542857143,4.757666667,4.752857143,9.6,9.6,3.6,3.8
01/01/2025,1,0,1,1,0,8.4,9.2,14.07,8.896,9.4,0,0.2,7.846,3.115,3.237,2.6,0,1,6.066,3.976,4.231,6.2,2.685714286,6.619,4.809428571,3.666666667,1.742857143,8.037333333,6.019714286,18.6,18.8,11,12.2
02/01/2025,1,0,1,1,1,0.6,0.4,9.64,6.087,9.2,9.4,0,8.896,7.846,3.115,8.4,2.6,0,14.07,6.066,3.976,6.333333333,2.742857143,7.609666667,5.151,3.866666667,1.828571429,9.925333333,6.705571429,19,19.2,11.6,12.8
03/01/2025,1,1,0,1,1,0.2,0.2,6.611,4.808,0.4,9.2,9.4,6.087,8.896,7.846,0.6,8.4,2.6,9.64,14.07,6.066,3.266666667,2.771428571,6.597,5.336285714,3.066666667,1.828571429,10.107,6.997857143,9.8,19.4,9.2,12.8
04/01/2025,1,1,0,0,0,0.2,0.2,5.683,4.358,0.2,0.4,9.2,4.808,6.087,8.896,0.2,0.6,8.4,6.611,9.64,14.07,0.266666667,2.8,5.084333333,5.478142857,0.333333333,1.857142857,7.311333333,7.182428571,0.8,19.6,1,13
05/01/2025,1,1,1,0,0,15.8,26.2,26.762,6.451,0.2,0.2,0.4,4.358,4.808,6.087,0.2,0.2,0.6,5.683,6.611,9.64,8.866666667,6.514285714,5.205666667,5.937285714,5.4,3.971428571,13.01866667,10.40114286,26.6,45.6,16.2,27.8
06/01/2025,1,1,1,1,0,12.8,18.2,47.762,15.639,26.2,0.2,0.2,6.451,4.358,4.808,15.8,0.2,0.2,26.762,5.683,6.611,14.86666667,9.114285714,8.816,7.726428571,9.6,5.8,26.73566667,16.65628571,44.6,63.8,28.8,40.6
07/01/2025,1,1,1,1,1,0,0.2,15.808,8.067,18.2,26.2,0.2,15.639,6.451,4.358,12.8,15.8,0.2,47.762,26.762,5.683,14.86666667,7.8,10.05233333,7.758,9.533333333,5.428571429,30.11066667,18.048,44.6,54.6,28.6,38
08/01/2025,1,1,0,1,1,0,0,10.294,5.918,0.2,18.2,26.2,8.067,15.639,6.451,0,12.8,15.8,15.808,47.762,26.762,6.133333333,6.485714286,9.874666667,7.332571429,4.266666667,4.228571429,24.62133333,17.50857143,18.4,45.4,12.8,29.6
09/01/2025,0,1,0,0,0,0.2,0.2,8.086,4.937,0,0.2,18.2,5.918,8.067,15.639,0,0,12.8,10.294,15.808,47.762,0.133333333,6.457142857,6.307333333,7.168285714,0.066666667,4.171428571,11.396,17.28657143,0.4,45.2,0.2,29.2
10/01/2025,0,0,0,0,0,0.4,0.2,6.921,4.442,0.2,0,0.2,4.937,5.918,8.067,0.2,0,0,8.086,10.294,15.808,0.133333333,6.457142857,5.099,7.116,0.2,4.2,8.433666667,17.33085714,0.4,45.2,0.6,29.4
11/01/2025,0,0,0,0,0,0.2,0.2,5.99,3.913,0.2,0.2,0,4.442,4.937,5.918,0.4,0.2,0,6.921,8.086,10.294,0.2,6.457142857,4.430666667,7.052428571,0.266666667,4.2,6.999,17.37471429,0.6,45.2,0.8,29.4
12/01/2025,0,0,0,0,0,0.2,0.2,5.567,3.93,0.2,0.2,0.2,3.913,4.442,4.937,0.2,0.4,0.2,5.99,6.921,8.086,0.2,2.742857143,4.095,6.692285714,0.266666667,1.971428571,6.159333333,14.34685714,0.6,19.2,0.8,13.8
13/01/2025,0,0,0,0,0,0,0,30.152,36.554,0.2,0.2,0.2,3.93,3.913,4.442,0.2,0.2,0.4,5.567,5.99,6.921,0.133333333,0.142857143,14.799,9.680142857,0.133333333,0.142857143,13.903,11.83114286,0.4,1,0.4,1
14/01/2025,0,0,0,0,0,1,0.2,29.199,19.291,0,0.2,0.2,36.554,3.93,3.913,0,0.2,0.2,30.152,5.567,5.99,0.133333333,0.142857143,19.925,11.28357143,0.4,0.285714286,21.63933333,13.74414286,0.4,1,1.2,2
15/01/2025,0,0,0,0,0,0,0.2,13.948,10.185,0.2,0,0.2,19.291,36.554,3.93,1,0,0.2,29.199,30.152,5.567,0.133333333,0.171428571,22.01,11.89314286,0.333333333,0.285714286,24.433,14.26614286,0.4,1.2,1,2
16/01/2025,0,0,0,0,0,0,0,10.218,7.481,0.2,0.2,0,10.185,19.291,36.554,0,1,0,13.948,29.199,30.152,0.133333333,0.142857143,12.319,12.25657143,0.333333333,0.257142857,17.78833333,14.57071429,0.4,1,1,1.8
17/01/2025,0,0,0,0,0,0,0,8.355,6.209,0,0.2,0.2,7.481,10.185,19.291,0,0,1,10.218,13.948,29.199,0.066666667,0.114285714,7.958333333,12.509,0,0.2,10.84033333,14.77557143,0.2,0.8,0,1.4
18/01/2025,0,0,0,0,0,0,0,7.329,5.577,0,0,0.2,6.209,7.481,10.185,0,0,0,8.355,10.218,13.948,0,0.085714286,6.422333333,12.74671429,0,0.171428571,8.634,14.96685714,0,0.6,0,1.2
19/01/2025,0,0,0,0,0,0,0,6.604,5.083,0,0,0,5.577,6.209,7.481,0,0,0,7.329,8.355,10.218,0,0.057142857,5.623,12.91142857,0,0.142857143,7.429333333,15.115,0,0.4,0,1
20/01/2025,0,0,0,0,0,0,0.2,6.001,4.734,0,0,0,5.083,5.577,6.209,0,0,0,6.604,7.329,8.355,0.066666667,0.085714286,5.131333333,8.365714286,0,0.142857143,6.644666667,11.66485714,0.2,0.6,0,1
21/01/2025,0,0,0,0,0,0,0.2,5.545,4.427,0.2,0,0,4.734,5.083,5.577,0,0,0,6.001,6.604,7.329,0.133333333,0.085714286,4.748,6.242285714,0,0,6.05,8.285714286,0.4,0.6,0,0
22/01/2025,0,0,0,0,0,0,1,5.16,4.08,0.2,0.2,0,4.427,4.734,5.083,0,0,0,5.545,6.001,6.604,0.466666667,0.2,4.413666667,5.370142857,0,0,5.568666667,7.030285714,1.4,1.4,0,0
23/01/2025,0,0,0,0,0,1.2,1.2,4.975,3.976,1,0.2,0.2,4.08,4.427,4.734,0,0,0,5.16,5.545,6.001,0.8,0.371428571,4.161,4.869428571,0.4,0.171428571,5.226666667,6.281285714,2.4,2.6,1.2,1.2
24/01/2025,0,0,0,0,0,1.6,3.4,5.802,6.707,1.2,1,0.2,3.976,4.08,4.427,1.2,0,0,4.975,5.16,5.545,1.866666667,0.857142857,4.921,4.940571429,0.933333333,0.4,5.312333333,5.916571429,5.6,6,2.8,2.8
25/01/2025,0,0,0,0,0,0,0,6.881,5.322,3.4,1.2,1,6.707,3.976,4.08,1.6,1.2,0,5.802,4.975,5.16,1.533333333,0.857142857,5.335,4.904142857,0.933333333,0.4,5.886,5.852571429,4.6,6,2.8,2.8
26/01/2025,0,0,1,0,0,2.8,3.8,5.513,5.372,0,3.4,1.2,5.322,6.707,3.976,0,1.6,1.2,6.881,5.802,4.975,2.4,1.4,5.800333333,4.945428571,1.466666667,0.8,6.065333333,5.696714286,7.2,9.8,4.4,5.6
27/01/2025,0,0,1,1,0,6.6,10.2,23.878,18.747,3.8,0,3.4,5.372,5.322,6.707,2.8,0,1.6,5.513,6.881,5.802,4.666666667,2.828571429,9.813666667,6.947285714,3.133333333,1.742857143,12.09066667,8.250571429,14,19.8,9.4,12.2
28/01/2025,0,0,0,1,0,0.2,0.2,15.475,10.368,10.2,3.8,0,18.747,5.372,5.322,6.6,2.8,0,23.878,5.513,6.881,4.733333333,2.828571429,11.49566667,7.796,3.2,1.771428571,14.95533333,9.669142857,14.2,19.8,9.6,12.4
29/01/2025,0,0,0,0,0,0,0.2,10.252,7.773,0.2,10.2,3.8,10.368,18.747,5.372,0.2,6.6,2.8,15.475,23.878,5.513,3.533333333,2.714285714,12.296,8.323571429,2.266666667,1.771428571,16.535,10.39657143,10.6,19,6.8,12.4
30/01/2025,0,0,0,0,0,0,0,8.06,6.238,0.2,0.2,10.2,7.773,10.368,18.747,0,0.2,6.6,10.252,15.475,23.878,0.133333333,2.542857143,8.126333333,8.646714286,0.066666667,1.6,11.26233333,10.83728571,0.4,17.8,0.2,11.2
31/01/2025,0,0,0,0,0,0.2,0.4,6.972,5.594,0,0.2,0.2,6.238,7.773,10.368,0,0,0.2,8.06,10.252,15.475,0.2,2.114285714,6.535,8.487714286,0.066666667,1.4,8.428,11.00442857,0.6,14.8,0.2,9.8
01/02/2025,0,0,0,0,0,0,0,6.331,5.144,0.4,0,0.2,5.594,6.238,7.773,0.2,0,0,6.972,8.06,10.252,0.133333333,2.114285714,5.658666667,8.462285714,0.066666667,1.4,7.121,10.92585714,0.4,14.8,0.2,9.8
02/02/2025,0,0,0,0,0,0,0,5.768,4.779,0,0.4,0,5.144,5.594,6.238,0,0.2,0,6.331,6.972,8.06,0.133333333,1.571428571,5.172333333,8.377571429,0.066666667,1,6.357,10.96228571,0.4,11,0.2,7
03/02/2025,0,0,0,0,0,0,0,5.291,4.493,0,0,0.4,4.779,5.144,5.594,0,0,0.2,5.768,6.331,6.972,0,0.114285714,4.805333333,6.341285714,0,0.057142857,5.796666667,8.307,0,0.8,0,0.4
04/02/2025,0,0,0,0,0,0.4,1.6,4.915,4.382,0,0,0,4.493,4.779,5.144,0,0,0,5.291,5.768,6.331,0.533333333,0.314285714,4.551333333,5.486142857,0.133333333,0.085714286,5.324666667,6.798428571,1.6,2.2,0.4,0.6
05/02/2025,0,0,0,0,0,0,0,4.765,4.172,1.6,0,0,4.382,4.493,4.779,0.4,0,0,4.915,5.291,5.768,0.533333333,0.285714286,4.349,4.971714286,0.133333333,0.085714286,4.990333333,6.014571429,1.6,2,0.4,0.6
06/02/2025,0,0,0,0,0,0,0,4.347,3.674,0,1.6,0,4.172,4.382,4.493,0,0.4,0,4.765,4.915,5.291,0.533333333,0.285714286,4.076,4.605428571,0.133333333,0.085714286,4.675666667,5.484142857,1.6,2,0.4,0.6
07/02/2025,0,0,0,0,0,0.2,0,4.113,3.524,0,0,1.6,3.674,4.172,4.382,0,0,0.4,4.347,4.765,4.915,0,0.228571429,3.79,4.309714286,0.066666667,0.085714286,4.408333333,5.075714286,0,1.6,0.2,0.6
08/02/2025,0,0,1,0,0,3,4.8,4.199,3.815,0,0,0,3.524,3.674,4.172,0.2,0,0,4.113,4.347,4.765,1.6,0.914285714,3.671,4.119857143,1.066666667,0.514285714,4.219666667,4.771142857,4.8,6.4,3.2,3.6
09/02/2025,0,0,0,1,0,1,1.6,4.677,4.105,4.8,0,0,3.815,3.524,3.674,3,0.2,0,4.199,4.113,4.347,2.133333333,1.142857143,3.814666667,4.023571429,1.4,0.657142857,4.329666667,4.615285714,6.4,8,4.2,4.6
10/02/2025,0,0,0,0,0,1.8,9,6.115,5.689,1.6,4.8,0,4.105,3.815,3.524,1,3,0.2,4.677,4.199,4.113,5.133333333,2.428571429,4.536333333,4.194428571,1.933333333,0.914285714,4.997,4.733,15.4,17,5.8,6.4
11/02/2025,0,0,0,0,0,1.8,7,15.647,10.159,9,1.6,4.8,5.689,4.105,3.815,1.8,1,3,6.115,4.677,4.199,5.866666667,3.2,6.651,5.019714286,1.533333333,1.114285714,8.813,6.266142857,17.6,22.4,4.6,7.8
12/02/2025,0,0,0,0,0,0.4,1.4,12.064,8.536,7,9,1.6,10.159,5.689,4.105,1.8,1.8,1,15.647,6.115,4.677,5.8,3.4,8.128,5.643142857,1.333333333,1.171428571,11.27533333,7.308857143,17.4,23.8,4,8.2
13/02/2025,0,0,0,0,0,0,0.2,8.817,6.364,1.4,7,9,8.536,10.159,5.689,0.4,1.8,1.8,12.064,15.647,6.115,2.866666667,3.428571429,8.353,6.027428571,0.733333333,1.171428571,12.176,7.947428571,8.6,24,2.2,8.2
14/02/2025,0,0,0,0,0,0,0,7.057,5.417,0.2,1.4,7,6.364,8.536,10.159,0,0.4,1.8,8.817,12.064,15.647,0.533333333,3.428571429,6.772333333,6.297857143,0.133333333,1.142857143,9.312666667,8.368,1.6,24,0.4,8
15/02/2025,0,0,0,0,0,1.4,1.2,6.213,5.031,0,0.2,1.4,5.417,6.364,8.536,0,0,0.4,7.057,8.817,12.064,0.466666667,2.914285714,5.604,6.471571429,0.466666667,0.914285714,7.362333333,8.655714286,1.4,20.4,1.4,6.4
16/02/2025,0,0,1,0,0,4.4,0.8,5.962,4.835,1.2,0,0.2,5.031,5.417,6.364,1.4,0,0,6.213,7.057,8.817,0.666666667,2.8,5.094333333,6.575857143,1.933333333,1.4,6.410666667,8.839285714,2,19.6,5.8,9.8
17/02/2025,0,0,0,1,0,0,0,5.465,4.415,0.8,1.2,0,4.835,5.031,5.417,4.4,1.4,0,5.962,6.213,7.057,0.666666667,1.514285714,4.760333333,6.393857143,1.933333333,1.142857143,5.88,8.746428571,2,10.6,5.8,8
18/02/2025,0,0,0,0,0,0,0,4.933,4.001,0,0.8,1.2,4.415,4.835,5.031,0,4.4,1.4,5.465,5.962,6.213,0.266666667,0.514285714,4.417,5.514142857,1.466666667,0.885714286,5.453333333,7.215857143,0.8,3.6,4.4,6.2
19/02/2025,0,0,0,0,0,1.4,1.8,4.67,3.868,0,0,0.8,4.001,4.415,4.835,0,0,4.4,4.933,5.465,5.962,0.6,0.571428571,4.094666667,4.847285714,0.466666667,1.028571429,5.022666667,6.159571429,1.8,4,1.4,7.2
20/02/2025,1,0,1,0,0,4.4,3.2,6.464,7.091,1.8,0,0,3.868,4.001,4.415,1.4,0,0,4.67,4.933,5.465,1.666666667,1,4.986666667,4.951142857,1.933333333,1.657142857,5.355666667,5.823428571,5,7,5.8,11.6
21/02/2025,0,1,0,1,0,0.6,1.8,7.776,5.913,3.2,1.8,0,7.091,3.868,4.001,4.4,1.4,0,6.464,4.67,4.933,2.266666667,1.257142857,5.624,5.022,2.133333333,1.742857143,6.303333333,5.926142857,6.8,8.8,6.4,12.2
22/02/2025,0,0,0,0,0,0,0,6.473,5.245,1.8,3.2,1.8,5.913,7.091,3.868,0.6,4.4,1.4,7.776,6.464,4.67,1.666666667,1.085714286,6.083,5.052571429,1.666666667,1.542857143,6.904333333,5.963285714,5,7.6,5,10.8
23/02/2025,0,0,1,0,0,2.6,3,5.773,5.173,0,1.8,3.2,5.245,5.913,7.091,0,0.6,4.4,6.473,7.776,6.464,1.6,1.4,5.443666667,5.100857143,1.066666667,1.285714286,6.674,5.936285714,4.8,9.8,3.2,9
24/02/2025,0,0,0,1,0,0,0.2,7.076,5.717,3,0,1.8,5.173,5.245,5.913,2.6,0,0.6,5.773,6.473,7.776,1.066666667,1.428571429,5.378333333,5.286857143,0.866666667,1.285714286,6.440666667,6.166428571,3.2,10,2.6,9
25/02/2025,0,0,0,0,0,0,0,5.833,4.812,0.2,3,0,5.717,5.173,5.245,0,2.6,0,7.076,5.773,6.473,1.066666667,1.428571429,5.234,5.402714286,0.866666667,1.285714286,6.227333333,6.295,3.2,10,2.6,9
26/02/2025,0,0,0,0,0,2,1.6,5.14,4.446,0,0.2,3,4.812,5.717,5.173,0,0,2.6,5.833,7.076,5.773,0.6,1.4,4.991666667,5.485285714,0.666666667,1.371428571,6.016333333,6.362142857,1.8,9.8,2,9.6
27/02/2025,0,0,0,0,0,0.6,0.2,4.918,4.186,1.6,0,0.2,4.446,4.812,5.717,2,0,0,5.14,5.833,7.076,0.6,0.971428571,4.481333333,5.070285714,0.866666667,0.828571429,5.297,6.141285714,1.8,6.8,2.6,5.8
28/02/2025,0,0,0,0,0,0,0,4.425,3.695,0.2,1.6,0,4.186,4.446,4.812,0.6,2,0,4.918,5.14,5.833,0.6,0.714285714,4.109,4.753428571,0.866666667,0.742857143,4.827666667,5.662571429,1.8,5,2.6,5.2
01/03/2025,0,0,0,0,0,0,0,4.043,3.453,0,0.2,1.6,3.695,4.186,4.446,0,0.6,2,4.425,4.918,5.14,0.066666667,0.714285714,3.778,4.497428571,0.2,0.742857143,4.462,5.315428571,0.2,5,0.6,5.2
02/03/2025,0,0,0,0,0,0,0,3.829,3.275,0,0,0.2,3.453,3.695,4.186,0,0,0.6,4.043,4.425,4.918,0,0.285714286,3.474333333,4.226285714,0,0.371428571,4.099,5.037714286,0,2,0,2.6
03/03/2025,0,0,0,0,0,0,0,3.593,3.112,0,0,0,3.275,3.453,3.695,0,0,0,3.829,4.043,4.425,0,0.257142857,3.28,3.854142857,0,0.371428571,3.821666667,4.540142857,0,1.8,0,2.6
04/03/2025,0,0,0,0,0,0,0,3.378,2.975,0,0,0,3.112,3.275,3.453,0,0,0,3.593,3.829,4.043,0,0.257142857,3.120666667,3.591714286,0,0.371428571,3.6,4.189428571,0,1.8,0,2.6
05/03/2025,0,0,0,0,0,1,0,3.214,2.828,0,0,0,2.975,3.112,3.275,0,0,0,3.378,3.593,3.829,0,0.028571429,2.971666667,3.360571429,0.333333333,0.228571429,3.395,3.914285714,0,0.2,1,1.6
06/03/2025,0,0,0,0,0,0.2,1.2,3.108,2.735,0,0,0,2.828,2.975,3.112,1,0,0,3.214,3.378,3.593,0.4,0.171428571,2.846,3.153285714,0.4,0.171428571,3.233333333,3.655714286,1.2,1.2,1.2,1.2
07/03/2025,0,0,0,0,0,1.6,3.2,3.057,2.823,1.2,0,0,2.735,2.828,2.975,0.2,1,0,3.108,3.214,3.378,1.466666667,0.628571429,2.795333333,3.028714286,0.933333333,0.4,3.126333333,3.460285714,4.4,4.4,2.8,2.8
08/03/2025,0,0,0,0,0,0,0,3.117,2.888,3.2,1.2,0,2.823,2.735,2.828,1.6,0.2,1,3.057,3.108,3.214,1.466666667,0.628571429,2.815333333,2.948,0.6,0.4,3.094,3.328,4.4,4.4,1.8,2.8
09/03/2025,0,0,0,0,0,0,0,3.037,2.643,0,3.2,1.2,2.888,2.823,2.735,0,1.6,0.2,3.117,3.057,3.108,1.066666667,0.628571429,2.784666667,2.857714286,0.533333333,0.4,3.070333333,3.214857143,3.2,4.4,1.6,2.8
10/03/2025,0,0,0,0,0,0.2,0.6,2.892,2.541,0,0,3.2,2.643,2.888,2.823,0,0,1.6,3.037,3.117,3.057,0.2,0.714285714,2.690666667,2.776142857,0.066666667,0.428571429,3.015333333,3.114714286,0.6,5,0.2,3
11/03/2025,0,0,0,0,0,0.4,1.2,2.834,2.502,0.6,0,0,2.541,2.643,2.888,0.2,0,0,2.892,3.037,3.117,0.6,0.885714286,2.562,2.708571429,0.2,0.485714286,2.921,3.037,1.8,6.2,0.6,3.4
12/03/2025,0,0,1,0,0,4.6,9.4,3.015,3.245,1.2,0.6,0,2.502,2.541,2.643,0.4,0.2,0,2.834,2.892,3.037,3.733333333,2.228571429,2.762666667,2.768142857,1.733333333,1,2.913666667,3.008571429,11.2,15.6,5.2,7
13/03/2025,0,0,0,1,0,2.4,3.2,4.794,3.937,9.4,1.2,0.6,3.245,2.502,2.541,4.6,0.4,0.2,3.015,2.834,2.892,4.6,2.514285714,3.228,2.939857143,2.466666667,1.314285714,3.547666667,3.249428571,13.8,17.6,7.4,9.2
14/03/2025,0,0,0,0,0,0.4,0.2,4.278,3.146,3.2,9.4,1.2,3.937,3.245,2.502,2.4,4.6,0.4,4.794,3.015,2.834,4.266666667,2.085714286,3.442666667,2.986,2.466666667,1.142857143,4.029,3.423857143,12.8,14.6,7.4,8
15/03/2025,0,0,0,0,0,0.2,0.2,3.608,2.935,0.2,3.2,9.4,3.146,3.937,3.245,0.4,2.4,4.6,4.278,4.794,3.015,1.2,2.114285714,3.339333333,2.992714286,1,1.171428571,4.226666667,3.494,3.6,14.8,3,8.2
16/03/2025,0,0,0,0,0,0,0,3.269,2.7,0.2,0.2,3.2,2.935,3.146,3.937,0.2,0.4,2.4,3.608,4.278,4.794,0.133333333,2.114285714,2.927,3.000857143,0.2,1.171428571,3.718333333,3.527142857,0.4,14.8,0.6,8.2
17/03/2025,0,0,0,0,0,0.2,0.6,3.052,2.536,0,0.2,0.2,2.7,2.935,3.146,0,0.2,0.4,3.269,3.608,4.278,0.266666667,2.114285714,2.723666667,3.000142857,0.133333333,1.171428571,3.309666667,3.55,0.8,14.8,0.4,8.2
18/03/2025,0,0,0,0,0,0,0,2.909,2.402,0.6,0,0.2,2.536,2.7,2.935,0.2,0,0.2,3.052,3.269,3.608,0.2,1.942857143,2.546,2.985857143,0.066666667,1.114285714,3.076666667,3.560714286,0.6,13.6,0.2,7.8
19/03/2025,0,0,0,0,0,0.2,0,2.802,2.292,0,0.6,0,2.402,2.536,2.7,0,0.2,0,2.909,3.052,3.269,0.2,0.6,2.41,2.849714286,0.133333333,0.485714286,2.921,3.530285714,0.6,4.2,0.4,3.4
20/03/2025,0,0,0,0,0,0,0,2.704,2.228,0,0,0.6,2.292,2.402,2.536,0.2,0,0.2,2.802,2.909,3.052,0,0.142857143,2.307333333,2.605571429,0.066666667,0.142857143,2.805,3.231714286,0,1,0.2,1
21/03/2025,0,0,0,0,0,0.2,0,2.651,2.183,0,0,0,2.228,2.292,2.402,0,0.2,0,2.704,2.802,2.909,0,0.114285714,2.234333333,2.468,0.133333333,0.114285714,2.719,2.999285714,0,0.8,0.4,0.8
22/03/2025,0,0,1,0,0,6.4,9.4,2.744,3.002,0,0,0,2.183,2.228,2.292,0.2,0,0.2,2.651,2.704,2.802,3.133333333,1.428571429,2.471,2.477571429,2.2,1,2.699666667,2.875857143,9.4,10,6.6,7
23/03/2025,0,0,0,1,0,0.2,0,4.52,4.648,9.4,0,0,3.002,2.183,2.228,6.4,0.2,0,2.744,2.651,2.704,3.133333333,1.428571429,3.277666667,2.755857143,2.266666667,1.028571429,3.305,3.054571429,9.4,10,6.8,7.2
24/03/2025,0,0,0,0,0,0,0,4.282,3.169,0,9.4,0,4.648,3.002,2.183,0.2,6.4,0.2,4.52,2.744,2.651,3.133333333,1.342857143,3.606333333,2.846285714,2.2,1,3.848666667,3.230285714,9.4,9.4,6.6,7
25/03/2025,0,0,0,0,0,0,0,3.375,2.624,0,0,9.4,3.169,4.648,3.002,0,0.2,6.4,4.282,4.52,2.744,0,1.342857143,3.480333333,2.878,0.066666667,1,4.059,3.296857143,0,9.4,0.2,7
26/03/2025,0,0,0,0,0,0,0,2.968,2.376,0,0,0,2.624,3.169,4.648,0,0,0.2,3.375,4.282,4.52,0,1.342857143,2.723,2.89,0,0.971428571,3.541666667,3.320571429,0,9.4,0,6.8
27/03/2025,0,0,0,0,0,0,0,2.785,2.295,0,0,0,2.376,2.624,3.169,0,0,0,2.968,3.375,4.282,0,1.342857143,2.431666667,2.899571429,0,0.971428571,3.042666667,3.332142857,0,9.4,0,6.8
28/03/2025,0,0,0,0,0,0,0.6,2.692,2.398,0,0,0,2.295,2.376,2.624,0,0,0,2.785,2.968,3.375,0.2,1.428571429,2.356333333,2.930285714,0,0.942857143,2.815,3.338,0.6,10,0,6.6
29/03/2025,0,0,0,0,0,0.2,0.2,2.684,2.254,0.6,0,0,2.398,2.295,2.376,0,0,0,2.692,2.785,2.968,0.266666667,0.114285714,2.315666667,2.823428571,0.066666667,0.057142857,2.720333333,3.329428571,0.8,0.8,0.2,0.4
30/03/2025,0,0,0,0,0,0,0,2.569,2.167,0.2,0.6,0,2.254,2.398,2.295,0.2,0,0,2.684,2.692,2.785,0.266666667,0.114285714,2.273,2.469,0.066666667,0.028571429,2.648333333,3.050714286,0.8,0.8,0.2,0.2
31/03/2025,0,0,0,0,0,0,0,2.498,2.038,0,0.2,0.6,2.167,2.254,2.398,0,0.2,0,2.569,2.684,2.692,0.066666667,0.114285714,2.153,2.307428571,0.066666667,0.028571429,2.583666667,2.795857143,0.2,0.8,0.2,0.2
01/04/2025,0,0,0,0,0,0,0,2.403,1.964,0,0,0.2,2.038,2.167,2.254,0,0,0.2,2.498,2.569,2.684,0,0.114285714,2.056333333,2.213142857,0,0.028571429,2.49,2.657,0,0.8,0,0.2
02/04/2025,0,0,0,0,0,0,0,2.328,1.895,0,0,0,1.964,2.038,2.167,0,0,0,2.403,2.498,2.569,0,0.114285714,1.965666667,2.144428571,0,0.028571429,2.409666667,2.565571429,0,0.8,0,0.2
03/04/2025,0,0,0,0,0,0,0,2.271,1.857,0,0,0,1.895,1.964,2.038,0,0,0,2.328,2.403,2.498,0,0.114285714,1.905333333,2.081857143,0,0.028571429,2.334,2.492142857,0,0.8,0,0.2
04/04/2025,0,0,0,0,0,0,0,2.229,1.814,0,0,0,1.857,1.895,1.964,0,0,0,2.271,2.328,2.403,0,0.028571429,1.855333333,1.998428571,0,0.028571429,2.276,2.426,0,0.2,0,0.2
05/04/2025,0,0,0,0,0,0,0,2.19,1.771,0,0,0,1.814,1.857,1.895,0,0,0,2.229,2.271,2.328,0,0,1.814,1.929428571,0,0,2.23,2.355428571,0,0,0,0
06/04/2025,0,0,0,0,0,0,0,2.147,1.737,0,0,0,1.771,1.814,1.857,0,0,0,2.19,2.229,2.271,0,0,1.774,1.868,0,0,2.188666667,2.295142857,0,0,0,0
07/04/2025,0,0,0,0,0,0.2,0,2.095,1.7,0,0,0,1.737,1.771,1.814,0,0,0,2.147,2.19,2.229,0,0,1.736,1.819714286,0.066666667,0.028571429,2.144,2.237571429,0,0,0.2,0.2
08/04/2025,0,0,0,0,0,0,0,2.058,1.667,0,0,0,1.7,1.737,1.771,0.2,0,0,2.095,2.147,2.19,0,0,1.701333333,1.777285714,0.066666667,0.028571429,2.1,2.188285714,0,0,0.2,0.2
09/04/2025,0,0,0,0,0,0,0,2.05,1.652,0,0,0,1.667,1.7,1.737,0,0.2,0,2.058,2.095,2.147,0,0,1.673,1.742571429,0.066666667,0.028571429,2.067666667,2.148571429,0,0,0.2,0.2
10/04/2025,0,0,0,0,0,0,0,2.024,1.626,0,0,0,1.652,1.667,1.7,0,0,0.2,2.05,2.058,2.095,0,0,1.648333333,1.709571429,0,0.028571429,2.044,2.113285714,0,0,0,0.2
11/04/2025,0,0,0,0,0,0,0,2.005,1.583,0,0,0,1.626,1.652,1.667,0,0,0,2.024,2.05,2.058,0,0,1.620333333,1.676571429,0,0.028571429,2.026333333,2.081285714,0,0,0,0.2
12/04/2025,0,0,0,0,0,0,0,1.988,1.566,0,0,0,1.583,1.626,1.652,0,0,0,2.005,2.024,2.05,0,0,1.591666667,1.647285714,0,0.028571429,2.005666667,2.052428571,0,0,0,0.2
13/04/2025,0,0,0,0,0,0,0,1.97,1.539,0,0,0,1.566,1.583,1.626,0,0,0,1.988,2.005,2.024,0,0,1.562666667,1.619,0,0.028571429,1.987666667,2.027142857,0,0,0,0.2
14/04/2025,0,0,0,0,0,1.2,1.6,1.964,1.562,0,0,0,1.539,1.566,1.583,0,0,0,1.97,1.988,2.005,0.533333333,0.228571429,1.555666667,1.599285714,0.4,0.171428571,1.974,2.008428571,1.6,1.6,1.2,1.2
15/04/2025,0,0,0,0,0,0.4,0.8,2.017,1.688,1.6,0,0,1.562,1.539,1.566,1.2,0,0,1.964,1.97,1.988,0.8,0.342857143,1.596333333,1.602285714,0.533333333,0.228571429,1.983666667,2.002571429,2.4,2.4,1.6,1.6
16/04/2025,0,0,0,0,0,2.2,5.6,2.127,2.017,0.8,1.6,0,1.688,1.562,1.539,0.4,1.2,0,2.017,1.964,1.97,2.666666667,1.142857143,1.755666667,1.654428571,1.266666667,0.542857143,2.036,2.013571429,8,8,3.8,3.8
17/04/2025,0,0,0,0,0,0,0.2,2.35,2.129,5.6,0.8,1.6,2.017,1.688,1.562,2.2,0.4,1.2,2.127,2.017,1.964,2.2,1.171428571,1.944666667,1.726285714,0.866666667,0.542857143,2.164666667,2.060142857,6.6,8.2,2.6,3.8
18/04/2025,0,0,0,0,0,0.2,0,2.391,1.821,0.2,5.6,0.8,2.129,2.017,1.688,0,2.2,0.4,2.35,2.127,2.017,1.933333333,1.171428571,1.989,1.760285714,0.8,0.571428571,2.289333333,2.115285714,5.8,8.2,2.4,4
19/04/2025,0,0,0,0,0,0,0,2.225,1.71,0,0.2,5.6,1.821,2.129,2.017,0.2,0,2.2,2.391,2.35,2.127,0.066666667,1.171428571,1.886666667,1.780857143,0.066666667,0.571428571,2.322,2.149142857,0.2,8.2,0.2,4
20/04/2025,0,0,0,0,0,0,0,2.119,1.641,0,0,0.2,1.71,1.821,2.129,0,0.2,0,2.225,2.391,2.35,0,1.171428571,1.724,1.795428571,0.066666667,0.571428571,2.245,2.170428571,0,8.2,0.2,4
21/04/2025,0,0,0,0,0,0.6,0,2.081,1.579,0,0,0,1.641,1.71,1.821,0,0,0.2,2.119,2.225,2.391,0,0.942857143,1.643333333,1.797857143,0.2,0.485714286,2.141666667,2.187142857,0,6.6,0.6,3.4
22/04/2025,0,0,0,0,0,0,0,2.029,1.539,0,0,0,1.579,1.641,1.71,0.6,0,0,2.081,2.119,2.225,0,0.828571429,1.586333333,1.776571429,0.2,0.428571429,2.076333333,2.188857143,0,5.8,0.6,3
23/04/2025,0,0,0,0,0,0,0,1.989,1.498,0,0,0,1.539,1.579,1.641,0,0.6,0,2.029,2.081,2.119,0,0.028571429,1.538666667,1.702428571,0.2,0.114285714,2.033,2.169142857,0,0.2,0.6,0.8
24/04/2025,0,0,0,0,0,0,0,1.97,1.46,0,0,0,1.498,1.539,1.579,0,0,0.6,1.989,2.029,2.081,0,0,1.499,1.606857143,0,0.114285714,1.996,2.114857143,0,0,0,0.8
25/04/2025,0,0,0,0,0,0,0,1.921,1.441,0,0,0,1.46,1.498,1.539,0,0,0,1.97,1.989,2.029,0,0,1.466333333,1.552571429,0,0.085714286,1.96,2.047714286,0,0,0,0.6
26/04/2025,0,0,0,0,0,0,0,1.9,1.459,0,0,0,1.441,1.46,1.498,0,0,0,1.921,1.97,1.989,0,0,1.453333333,1.516714286,0,0.085714286,1.930333333,2.001285714,0,0,0,0.6
27/04/2025,0,0,0,0,0,0,0,1.886,1.447,0,0,0,1.459,1.441,1.46,0,0,0,1.9,1.921,1.97,0,0,1.449,1.489,0,0.085714286,1.902333333,1.968,0,0,0,0.6
28/04/2025,0,0,0,0,0,0,0,1.856,1.41,0,0,0,1.447,1.459,1.441,0,0,0,1.886,1.9,1.921,0,0,1.438666667,1.464857143,0,0,1.880666667,1.935857143,0,0,0,0
29/04/2025,0,0,0,0,0,0,0,1.829,1.365,0,0,0,1.41,1.447,1.459,0,0,0,1.856,1.886,1.9,0,0,1.407333333,1.44,0,0,1.857,1.907285714,0,0,0,0
30/04/2025,0,0,0,0,0,0,0,1.797,1.329,0,0,0,1.365,1.41,1.447,0,0,0,1.829,1.856,1.886,0,0,1.368,1.415857143,0,0,1.827333333,1.879857143,0,0,0,0
01/05/2025,1,0,1,0,0,2.2,0,1.947,1.291,0,0,0,1.329,1.365,1.41,0,0,0,1.797,1.829,1.856,0,0,1.328333333,1.391714286,0.733333333,0.314285714,1.857666667,1.876571429,0,0,2.2,2.2
02/05/2025,0,1,1,1,0,0,0,1.843,1.258,0,0,0,1.291,1.329,1.365,2.2,0,0,1.947,1.797,1.829,0,0,1.292666667,1.365571429,0.733333333,0.314285714,1.862333333,1.865428571,0,0,2.2,2.2
03/05/2025,0,0,0,1,0,0,0,1.707,1.241,0,0,0,1.258,1.291,1.329,0,2.2,0,1.843,1.947,1.797,0,0,1.263333333,1.334428571,0.733333333,0.314285714,1.832333333,1.837857143,0,0,2.2,2.2
04/05/2025,0,0,0,0,0,0.4,1.2,1.683,1.244,0,0,0,1.241,1.258,1.291,0,0,2.2,1.707,1.843,1.947,0.4,0.171428571,1.247666667,1.305428571,0.133333333,0.371428571,1.744333333,1.808857143,1.2,1.2,0.4,2.6
05/05/2025,0,0,0,0,0,0.2,1,1.678,1.262,1.2,0,0,1.244,1.241,1.258,0.4,0,0,1.683,1.707,1.843,0.733333333,0.314285714,1.249,1.284285714,0.2,0.4,1.689333333,1.783428571,2.2,2.2,0.6,2.8
06/05/2025,0,0,0,0,0,0,0,1.647,1.246,1,1.2,0,1.262,1.244,1.241,0.2,0.4,0,1.678,1.683,1.707,0.733333333,0.314285714,1.250666667,1.267285714,0.2,0.4,1.669333333,1.757428571,2.2,2.2,0.6,2.8
07/05/2025,0,0,1,0,0,0,0,1.651,1.226,0,1,1.2,1.246,1.262,1.244,0,0.2,0.4,1.647,1.678,1.683,0.333333333,0.314285714,1.244666667,1.252571429,0.066666667,0.4,1.658666667,1.736571429,1,2.2,0.2,2.8
08/05/2025,0,0,0,0,0,0,0,1.647,1.213,0,0,1,1.226,1.246,1.262,0,0,0.2,1.651,1.647,1.678,0,0.314285714,1.228333333,1.241428571,0,0.085714286,1.648333333,1.693714286,0,2.2,0,0.6
09/05/2025,0,0,0,0,0,0,0,1.625,1.188,0,0,0,1.213,1.226,1.246,0,0,0,1.647,1.651,1.647,0,0.314285714,1.209,1.231428571,0,0.085714286,1.641,1.662571429,0,2.2,0,0.6
10/05/2025,0,0,0,0,0,0,0,1.596,1.154,0,0,0,1.188,1.213,1.226,0,0,0,1.625,1.647,1.651,0,0.314285714,1.185,1.219,0,0.085714286,1.622666667,1.646714286,0,2.2,0,0.6
11/05/2025,0,0,0,0,0,0,0,1.565,1.133,0,0,0,1.154,1.188,1.213,0,0,0,1.596,1.625,1.647,0,0.142857143,1.158333333,1.203142857,0,0.028571429,1.595333333,1.629857143,0,1,0,0.2
12/05/2025,0,0,0,0,0,0,0,1.547,1.13,0,0,0,1.133,1.154,1.188,0,0,0,1.565,1.596,1.625,0,0,1.139,1.184285714,0,0,1.569333333,1.611142857,0,0,0,0
13/05/2025,0,0,0,0,0,0,0,1.61,1.113,0,0,0,1.13,1.133,1.154,0,0,0,1.547,1.565,1.596,0,0,1.125333333,1.165285714,0,0,1.574,1.605857143,0,0,0,0
14/05/2025,0,0,0,0,0,0,0,1.513,1.088,0,0,0,1.113,1.13,1.133,0,0,0,1.61,1.547,1.565,0,0,1.110333333,1.145571429,0,0,1.556666667,1.586142857,0,0,0,0
15/05/2025,0,0,0,0,0,0,0,1.493,1.088,0,0,0,1.088,1.113,1.13,0,0,0,1.513,1.61,1.547,0,0,1.096333333,1.127714286,0,0,1.538666667,1.564142857,0,0,0,0
16/05/2025,0,0,0,0,0,0,0,1.505,1.071,0,0,0,1.088,1.088,1.113,0,0,0,1.493,1.513,1.61,0,0,1.082333333,1.111,0,0,1.503666667,1.547,0,0,0,0
17/05/2025,0,0,0,0,0,0,0,1.477,1.046,0,0,0,1.071,1.088,1.088,0,0,0,1.505,1.493,1.513,0,0,1.068333333,1.095571429,0,0,1.491666667,1.53,0,0,0,0
18/05/2025,0,0,0,0,0,0,0,1.467,1.052,0,0,0,1.046,1.071,1.088,0,0,0,1.477,1.505,1.493,0,0,1.056333333,1.084,0,0,1.483,1.516,0,0,0,0
19/05/2025,0,0,0,0,0,0,0,1.483,1.064,0,0,0,1.052,1.046,1.071,0,0,0,1.467,1.477,1.505,0,0,1.054,1.074571429,0,0,1.475666667,1.506857143,0,0,0,0
20/05/2025,0,0,0,0,0,0,1,1.482,1.048,0,0,0,1.064,1.052,1.046,0,0,0,1.483,1.467,1.477,0.333333333,0.142857143,1.054666667,1.065285714,0,0,1.477333333,1.488571429,1,1,0,0
21/05/2025,0,0,0,0,0,0,0.4,1.465,1.029,1,0,0,1.048,1.064,1.052,0,0,0,1.482,1.483,1.467,0.466666667,0.2,1.047,1.056857143,0,0,1.476666667,1.481714286,1.4,1.4,0,0
22/05/2025,0,0,0,0,0,1,0,1.453,1.008,0.4,1,0,1.029,1.048,1.064,0,0,0,1.465,1.482,1.483,0.466666667,0.2,1.028333333,1.045428571,0.333333333,0.142857143,1.466666667,1.476,1.4,1.4,1,1
23/05/2025,0,0,0,0,0,1,2.6,1.466,1.057,0,0.4,1,1.008,1.029,1.048,1,0,0,1.453,1.465,1.482,1,0.571428571,1.031333333,1.043428571,0.666666667,0.285714286,1.461333333,1.470428571,3,4,2,2
24/05/2025,0,0,1,0,0,7.4,6.8,1.708,1.295,2.6,0,0.4,1.057,1.008,1.029,1,1,0,1.466,1.453,1.465,3.133333333,1.542857143,1.12,1.079,3.133333333,1.342857143,1.542333333,1.503428571,9.4,10.8,9.4,9.4
25/05/2025,0,0,0,0,0,1.8,2.6,1.713,1.318,6.8,2.6,0,1.295,1.057,1.008,7.4,1,1,1.708,1.466,1.453,4,1.914285714,1.223333333,1.117,3.4,1.6,1.629,1.538571429,12,13.4,10.2,11.2
26/05/2025,0,0,0,0,0,1.4,2.6,1.708,1.236,2.6,6.8,2.6,1.318,1.295,1.057,1.8,7.4,1,1.713,1.708,1.466,4,2.285714286,1.283,1.141571429,3.533333333,1.8,1.709666667,1.570714286,12,16,10.6,12.6
27/05/2025,0,0,0,0,0,0.2,0,1.646,1.332,2.6,2.6,6.8,1.236,1.318,1.295,1.4,1.8,7.4,1.708,1.713,1.708,1.733333333,2.142857143,1.295333333,1.182142857,1.133333333,1.828571429,1.689,1.594142857,5.2,15,3.4,12.8
28/05/2025,0,0,1,0,0,0.4,0,1.685,1.249,0,2.6,2.6,1.332,1.236,1.318,0.2,1.4,1.8,1.646,1.708,1.713,0.866666667,2.085714286,1.272333333,1.213571429,0.666666667,1.885714286,1.679666667,1.625571429,2.6,14.6,2,13.2
29/05/2025,0,0,1,1,0,5.2,5.6,1.805,1.313,0,0,2.6,1.249,1.332,1.236,0.4,0.2,1.4,1.685,1.646,1.708,1.866666667,2.885714286,1.298,1.257142857,1.933333333,2.485714286,1.712,1.675857143,5.6,20.2,5.8,17.4
30/05/2025,0,0,0,1,0,0.2,0.2,1.706,1.276,5.6,0,0,1.313,1.249,1.332,5.2,0.4,0.2,1.805,1.685,1.646,1.933333333,2.542857143,1.279333333,1.288428571,1.933333333,2.371428571,1.732,1.710142857,5.8,17.8,5.8,16.6
31/05/2025,0,0,0,0,0,0,0,1.657,1.157,0.2,5.6,0,1.276,1.313,1.249,0.2,5.2,0.4,1.706,1.805,1.685,1.933333333,1.571428571,1.248666667,1.268714286,1.8,1.314285714,1.722666667,1.702857143,5.8,11,5.4,9.2
01/06/2025,0,0,0,0,0,0.2,0.2,1.549,1.127,0,0.2,5.6,1.157,1.276,1.313,0,0.2,5.2,1.657,1.706,1.805,0.133333333,1.228571429,1.186666667,1.241428571,0.133333333,1.085714286,1.637333333,1.679428571,0.4,8.6,0.4,7.6
02/06/2025,0,0,0,0,0,0.2,0.4,1.492,1.152,0.2,0,0.2,1.127,1.157,1.276,0.2,0,0.2,1.549,1.657,1.706,0.2,0.914285714,1.145333333,1.229428571,0.133333333,0.914285714,1.566,1.648571429,0.6,6.4,0.4,6.4
03/06/2025,0,0,0,0,0,2.2,2.6,1.508,1.116,0.4,0.2,0,1.152,1.127,1.157,0.2,0.2,0,1.492,1.549,1.657,1.066666667,1.285714286,1.131666667,1.198571429,0.866666667,1.2,1.516333333,1.628857143,3.2,9,2.6,8.4
04/06/2025,0,0,0,0,0,0.2,0.6,1.475,1.102,2.6,0.4,0.2,1.116,1.152,1.127,2.2,0.2,0.2,1.508,1.492,1.549,1.2,1.371428571,1.123333333,1.177571429,0.866666667,1.171428571,1.491666667,1.598857143,3.6,9.6,2.6,8.2
05/06/2025,0,0,0,0,0,1,1.4,1.491,1.089,0.6,2.6,0.4,1.102,1.116,1.152,0.2,2.2,0.2,1.475,1.508,1.492,1.533333333,0.771428571,1.102333333,1.145571429,1.133333333,0.571428571,1.491333333,1.554,4.6,5.4,3.4,4
06/06/2025,0,0,0,0,0,0.2,0.8,1.466,1.102,1.4,0.6,2.6,1.089,1.102,1.116,1,0.2,2.2,1.491,1.475,1.508,0.933333333,0.857142857,1.097666667,1.120714286,0.466666667,0.571428571,1.477333333,1.519714286,2.8,6,1.4,4
07/06/2025,0,0,0,0,0,1,4.4,1.503,1.158,0.8,1.4,0.6,1.102,1.089,1.102,0.2,1,0.2,1.466,1.491,1.475,2.2,1.485714286,1.116333333,1.120857143,0.733333333,0.714285714,1.486666667,1.497714286,6.6,10.4,2.2,5
08/06/2025,1,0,1,0,0,6.2,0.8,1.659,1.184,4.4,0.8,1.4,1.158,1.102,1.089,1,0.2,1,1.503,1.466,1.491,2,1.571428571,1.148,1.129,2.466666667,1.571428571,1.542666667,1.513428571,6,11,7.4,11
09/06/2025,0,1,1,1,0,3.8,4.2,1.709,1.145,0.8,4.4,0.8,1.184,1.158,1.102,6.2,1,0.2,1.659,1.503,1.466,3.133333333,2.114285714,1.162333333,1.128,3.666666667,2.085714286,1.623666667,1.544428571,9.4,14.8,11,14.6
10/06/2025,0,0,1,1,1,0.4,0.6,1.661,1.238,4.2,0.8,4.4,1.145,1.184,1.158,3.8,6.2,1,1.709,1.659,1.503,1.866666667,1.828571429,1.189,1.145428571,3.466666667,1.828571429,1.676333333,1.566285714,5.6,12.8,10.4,12.8
11/06/2025,0,0,0,1,1,0,0,1.636,1.197,0.6,4.2,0.8,1.238,1.145,1.184,0.4,3.8,6.2,1.661,1.709,1.659,1.6,1.742857143,1.193333333,1.159,1.4,1.8,1.668666667,1.589285714,4.8,12.2,4.2,12.6
12/06/2025,0,0,0,0,0,0,0,1.594,1.058,0,0.6,4.2,1.197,1.238,1.145,0,0.4,3.8,1.636,1.661,1.709,0.2,1.542857143,1.164333333,1.154571429,0.133333333,1.657142857,1.630333333,1.604,0.6,10.8,0.4,11.6
13/06/2025,0,0,0,0,0,0,0,1.478,1.003,0,0,0.6,1.058,1.197,1.238,0,0,0.4,1.594,1.636,1.661,0,1.428571429,1.086,1.140428571,0,1.628571429,1.569333333,1.605714286,0,10,0,11.4
14/06/2025,0,0,0,0,0,1,4.6,1.476,1.106,0,0,0,1.003,1.058,1.197,0,0,0,1.478,1.594,1.636,1.533333333,1.457142857,1.055666667,1.133,0.333333333,1.628571429,1.516,1.601857143,4.6,10.2,1,11.4
15/06/2025,0,0,0,0,0,0.2,0,1.449,1.13,4.6,0,0,1.106,1.003,1.058,1,0,0,1.476,1.478,1.594,1.533333333,1.342857143,1.079666667,1.125285714,0.4,0.771428571,1.467666667,1.571857143,4.6,9.4,1.2,5.4
16/06/2025,0,0,0,0,0,0,0,1.437,1.022,0,4.6,0,1.13,1.106,1.003,0.2,1,0,1.449,1.476,1.478,1.533333333,0.742857143,1.086,1.107714286,0.4,0.228571429,1.454,1.533,4.6,5.2,1.2,1.6
17/06/2025,0,0,0,0,0,0,0,1.389,0.974,0,0,4.6,1.022,1.13,1.106,0,0.2,1,1.437,1.449,1.476,0,0.657142857,1.042,1.07,0.066666667,0.171428571,1.425,1.494142857,0,4.6,0.2,1.2
18/06/2025,0,0,0,0,0,0,0.2,1.352,0.961,0,0,0,0.974,1.022,1.13,0,0,0.2,1.389,1.437,1.449,0.066666667,0.685714286,0.985666667,1.036285714,0,0.171428571,1.392666667,1.453571429,0.2,4.8,0,1.2
19/06/2025,0,0,0,0,0,0,0,1.299,0.94,0.2,0,0,0.961,0.974,1.022,0,0,0,1.352,1.389,1.437,0.066666667,0.685714286,0.958333333,1.019428571,0,0.171428571,1.346666667,1.411428571,0.2,4.8,0,1.2
20/06/2025,0,0,0,0,0,0,0,1.273,0.903,0,0.2,0,0.94,0.961,0.974,0,0,0,1.299,1.352,1.389,0.066666667,0.685714286,0.934666667,1.005142857,0,0.171428571,1.308,1.382142857,0.2,4.8,0,1.2
21/06/2025,0,0,1,0,0,1.8,1.4,1.274,0.897,0,0,0.2,0.903,0.94,0.961,0,0,0,1.273,1.299,1.352,0.466666667,0.228571429,0.913333333,0.975285714,0.6,0.285714286,1.282,1.353285714,1.4,1.6,1.8,2
22/06/2025,1,0,1,1,0,1.6,3.4,1.317,1.414,1.4,0,0,0.897,0.903,0.94,1.8,0,0,1.274,1.273,1.299,1.6,0.714285714,1.071333333,1.015857143,1.133333333,0.485714286,1.288,1.334428571,4.8,5,3.4,3.4
23/06/2025,0,1,0,1,1,0.2,0,1.561,1.512,3.4,1.4,0,1.414,0.897,0.903,1.6,1.8,0,1.317,1.274,1.273,1.6,0.714285714,1.274333333,1.085857143,1.2,0.514285714,1.384,1.352142857,4.8,5,3.6,3.6
24/06/2025,0,0,0,0,0,0,0.6,1.745,1.259,0,3.4,1.4,1.512,1.414,0.897,0.2,1.6,1.8,1.561,1.317,1.274,1.333333333,0.8,1.395,1.126571429,0.6,0.514285714,1.541,1.403,4,5.6,1.8,3.6
25/06/2025,0,0,0,0,0,0.2,0,1.609,1.108,0.6,0,3.4,1.259,1.512,1.414,0,0.2,1.6,1.745,1.561,1.317,0.2,0.771428571,1.293,1.147571429,0.133333333,0.542857143,1.638333333,1.439714286,0.6,5.4,0.4,3.8
26/06/2025,0,0,1,0,0,1.6,1.8,1.49,1.051,0,0.6,0,1.108,1.259,1.512,0.2,0,0.2,1.609,1.745,1.561,0.8,1.028571429,1.139333333,1.163428571,0.6,0.771428571,1.614666667,1.467,2.4,7.2,1.8,5.4
27/06/2025,0,0,0,1,0,0,0,1.42,1.052,1.8,0,0.6,1.051,1.108,1.259,1.6,0.2,0,1.49,1.609,1.745,0.6,1.028571429,1.070333333,1.184714286,0.6,0.771428571,1.506333333,1.488,1.8,7.2,1.8,5.4
28/06/2025,0,0,0,0,0,0,1,1.383,1.159,0,1.8,0,1.052,1.051,1.108,0,1.6,0.2,1.42,1.49,1.609,0.933333333,0.971428571,1.087333333,1.222142857,0.533333333,0.514285714,1.431,1.503571429,2.8,6.8,1.6,3.6
29/06/2025,0,0,0,0,0,0,0,1.345,1.133,1,0,1.8,1.159,1.052,1.051,0,0,1.6,1.383,1.42,1.49,0.333333333,0.485714286,1.114666667,1.182,0,0.285714286,1.382666667,1.507571429,1,3.4,0,2
30/06/2025,0,0,0,0,0,0,0,1.335,1.011,0,1,0,1.133,1.159,1.052,0,0,0,1.345,1.383,1.42,0.333333333,0.485714286,1.101,1.110428571,0,0.257142857,1.354333333,1.475285714,1,3.4,0,1.8
01/07/2025,0,0,1,0,0,4.8,11.4,1.397,1.182,0,0,1,1.011,1.133,1.159,0,0,0,1.335,1.345,1.383,3.8,2.028571429,1.108666667,1.099428571,1.6,0.942857143,1.359,1.425571429,11.4,14.2,4.8,6.6
02/07/2025,1,0,1,1,0,1.4,18.4,2.32,3.454,11.4,0,0,1.182,1.011,1.133,4.8,0,0,1.397,1.335,1.345,9.933333333,4.657142857,1.882333333,1.434571429,2.066666667,1.114285714,1.684,1.527142857,29.8,32.6,6.2,7.8
03/07/2025,0,0,1,1,1,0,0.6,5.366,4.061,18.4,11.4,0,3.454,1.182,1.011,1.4,4.8,0,2.32,1.397,1.335,10.13333333,4.485714286,2.899,1.864571429,2.066666667,0.885714286,3.027666667,2.080857143,30.4,31.4,6.2,6.2
04/07/2025,0,0,0,1,1,0,0,3.698,2.164,0.6,18.4,11.4,4.061,3.454,1.182,0,1.4,4.8,5.366,2.32,1.397,6.333333333,4.485714286,3.226333333,2.023428571,0.466666667,0.885714286,3.794666667,2.406285714,19,31.4,1.4,6.2
05/07/2025,0,0,0,0,1,0.8,1,2.565,1.733,0,0.6,18.4,2.164,4.061,3.454,0,0,1.4,3.698,5.366,2.32,0.533333333,4.485714286,2.652666667,2.105428571,0.266666667,1,3.876333333,2.575142857,1.6,31.4,0.8,7
06/07/2025,0,0,0,0,0,1,5.4,2.221,1.579,1,0,0.6,1.733,2.164,4.061,0.8,0,0,2.565,3.698,5.366,2.133333333,5.257142857,1.825333333,2.169142857,0.6,1.142857143,2.828,2.700285714,6.4,36.8,1.8,8
07/07/2025,0,0,1,0,0,3.6,3,2.028,1.493,5.4,1,0,1.579,1.733,2.164,1,0.8,0,2.221,2.565,3.698,3.133333333,5.685714286,1.601666667,2.238,1.8,1.657142857,2.271333333,2.799285714,9.4,39.8,5.4,11.6
08/07/2025,0,0,0,1,0,0,0.2,1.894,1.642,3,5.4,1,1.493,1.579,1.733,3.6,1,0.8,2.028,2.221,2.565,2.866666667,4.085714286,1.571333333,2.303714286,1.533333333,0.971428571,2.047666667,2.870285714,8.6,28.6,4.6,6.8
09/07/2025,0,0,0,0,0,0.2,0,1.864,1.394,0.2,3,5.4,1.642,1.493,1.579,0,3.6,1,1.894,2.028,2.221,1.066666667,1.457142857,1.509666667,2.009428571,1.266666667,0.8,1.928666667,2.805142857,3.2,10.2,3.8,5.6
10/07/2025,0,0,0,0,0,1,0,1.71,1.196,0,0.2,3,1.394,1.642,1.493,0.2,0,3.6,1.864,1.894,2.028,0.066666667,1.371428571,1.410666667,1.600142857,0.4,0.942857143,1.822666667,2.282857143,0.2,9.6,1.2,6.6
11/07/2025,0,0,0,0,0,0,0,1.537,1.026,0,0,0.2,1.196,1.394,1.642,1,0.2,0,1.71,1.864,1.894,0,1.371428571,1.205333333,1.437571429,0.4,0.942857143,1.703666667,1.974142857,0,9.6,1.2,6.6
12/07/2025,0,0,0,0,0,0,0,1.423,0.922,0,0,0,1.026,1.196,1.394,0,1,0.2,1.537,1.71,1.864,0,1.228571429,1.048,1.321714286,0.333333333,0.828571429,1.556666667,1.811,0,8.6,1,5.8
13/07/2025,0,0,0,0,0,0.6,0,1.332,0.877,0,0,0,0.922,1.026,1.196,0,0,1,1.423,1.537,1.71,0,0.457142857,0.941666667,1.221428571,0.2,0.771428571,1.430666667,1.684,0,3.2,0.6,5.4
14/07/2025,1,0,1,0,0,6.2,6.4,1.417,1.02,0,0,0,0.877,0.922,1.026,0.6,0,0,1.332,1.423,1.537,2.133333333,0.942857143,0.939666667,1.153857143,2.266666667,1.142857143,1.390666667,1.596714286,6.4,6.6,6.8,8
15/07/2025,0,1,0,1,0,2.4,5.4,1.531,1.31,6.4,0,0,1.02,0.877,0.922,6.2,0.6,0,1.417,1.332,1.423,3.933333333,1.685714286,1.069,1.106428571,3.066666667,1.485714286,1.426666667,1.544857143,11.8,11.8,9.2,10.4
16/07/2025,0,0,0,0,0,0,0,1.689,2.076,5.4,6.4,0,1.31,1.02,0.877,2.4,6.2,0.6,1.531,1.417,1.332,3.933333333,1.685714286,1.468666667,1.203857143,2.866666667,1.457142857,1.545666667,1.519857143,11.8,11.8,8.6,10.2
17/07/2025,0,0,0,0,0,0,0,2.11,1.53,0,5.4,6.4,2.076,1.31,1.02,0,2.4,6.2,1.689,1.531,1.417,1.8,1.685714286,1.638666667,1.251571429,0.8,1.314285714,1.776666667,1.577,5.4,11.8,2.4,9.2
18/07/2025,0,0,0,0,0,0.6,0,1.941,1.241,0,0,5.4,1.53,2.076,1.31,0,0,2.4,2.11,1.689,1.531,0,1.685714286,1.615666667,1.282285714,0.2,1.4,1.913333333,1.634714286,0,11.8,0.6,9.8
19/07/2025,1,0,1,0,0,12.8,22.8,2.148,1.946,0,0,0,1.241,1.53,2.076,0.6,0,0,1.941,2.11,1.689,7.6,4.942857143,1.572333333,1.428571429,4.466666667,3.228571429,2.066333333,1.738285714,22.8,34.6,13.4,22.6
20/07/2025,0,1,1,1,0,4.2,0.6,3.677,4.394,22.8,0,0,1.946,1.241,1.53,12.8,0.6,0,2.148,1.941,2.11,7.8,5.028571429,2.527,1.931,5.866666667,3.742857143,2.588666667,2.073285714,23.4,35.2,17.6,26.2
21/07/2025,0,0,1,1,1,0,0.2,3.968,2.521,0.6,22.8,0,4.394,1.946,1.241,4.2,12.8,0.6,3.677,2.148,1.941,7.866666667,4.142857143,2.953666667,2.145428571,5.666666667,2.857142857,3.264333333,2.437714286,23.6,29,17,20
22/07/2025,0,0,0,1,1,0.6,0,3.017,2.499,0.2,0.6,22.8,2.521,4.394,1.946,0,4.2,12.8,3.968,3.677,2.148,0.266666667,3.371428571,3.138,2.315285714,1.6,2.6,3.554,2.65,0.8,23.6,4.8,18.2
23/07/2025,0,0,0,0,1,0.6,1.8,2.757,1.724,0,0.2,0.6,2.499,2.521,4.394,0.6,0,4.2,3.017,3.968,3.677,0.666666667,3.628571429,2.248,2.265,0.4,2.685714286,3.247333333,2.802571429,2,25.4,1.2,18.8
24/07/2025,0,0,0,0,0,0,0,2.252,1.503,1.8,0,0.2,1.724,2.499,2.521,0.6,0.6,0,2.757,3.017,3.968,0.6,3.628571429,1.908666667,2.261142857,0.4,2.685714286,2.675333333,2.822857143,1.8,25.4,1.2,18.8
25/07/2025,0,0,0,0,0,0,0,2.006,1.335,0,1.8,0,1.503,1.724,2.499,0,0.6,0.6,2.252,2.757,3.017,0.6,3.628571429,1.520666667,2.274571429,0.2,2.6,2.338333333,2.832142857,1.8,25.4,0.6,18.2
26/07/2025,0,0,0,0,0,0.2,0,1.847,1.217,0,0,1.8,1.335,1.503,1.724,0,0,0.6,2.006,2.252,2.757,0,0.371428571,1.351666667,2.170428571,0.066666667,0.8,2.035,2.789142857,0,2.6,0.2,5.6
27/07/2025,0,0,0,0,0,0.4,0.4,1.702,1.132,0,0,0,1.217,1.335,1.503,0.2,0,0,1.847,2.006,2.252,0.133333333,0.342857143,1.228,1.704428571,0.2,0.257142857,1.851666667,2.507,0.4,2.4,0.6,1.8
28/07/2025,0,0,0,0,0,0,0,1.571,1.048,0.4,0,0,1.132,1.217,1.335,0.4,0.2,0,1.702,1.847,2.006,0.133333333,0.314285714,1.132333333,1.494,0.2,0.257142857,1.706666667,2.164571429,0.4,2.2,0.6,1.8
29/07/2025,0,0,0,0,0,0,0,1.491,0.989,0,0.4,0,1.048,1.132,1.217,0,0.4,0.2,1.571,1.702,1.847,0.133333333,0.314285714,1.056333333,1.278285714,0.133333333,0.171428571,1.588,1.946571429,0.4,2.2,0.4,1.2
30/07/2025,0,0,0,0,0,0,0,1.412,0.945,0,0,0.4,0.989,1.048,1.132,0,0,0.4,1.491,1.571,1.702,0,0.057142857,0.994,1.167,0,0.085714286,1.491333333,1.754428571,0,0.4,0,0.6
31/07/2025,0,0,0,0,0,0.6,2,1.373,0.947,0,0,0,0.945,0.989,1.048,0,0,0,1.412,1.491,1.571,0.666666667,0.342857143,0.960333333,1.087571429,0.2,0.171428571,1.425333333,1.628857143,2,2.4,0.6,1.2
01/08/2025,0,0,0,0,0,0,0,1.382,0.991,2,0,0,0.947,0.945,0.989,0.6,0,0,1.373,1.412,1.491,0.666666667,0.342857143,0.961,1.038428571,0.2,0.171428571,1.389,1.539714286,2,2.4,0.6,1.2
02/08/2025,0,0,0,0,0,0,0,1.357,0.936,0,2,0,0.991,0.947,0.945,0,0.6,0,1.382,1.373,1.412,0.666666667,0.342857143,0.958,0.998285714,0.2,0.142857143,1.370666667,1.469714286,2,2.4,0.6,1
03/08/2025,0,0,1,0,0,0.8,0.8,1.334,0.893,0,0,2,0.936,0.991,0.947,0,0,0.6,1.357,1.382,1.373,0.266666667,0.4,0.94,0.964142857,0.266666667,0.2,1.357666667,1.417142857,0.8,2.8,0.8,1.4
04/08/2025,0,0,1,1,0,3.6,4,1.327,0.943,0.8,0,0,0.893,0.936,0.991,0.8,0,0,1.334,1.357,1.382,1.6,0.971428571,0.924,0.949142857,1.466666667,0.714285714,1.339333333,1.382285714,4.8,6.8,4.4,5
05/08/2025,0,0,0,1,1,0,0.2,1.262,0.955,4,0.8,0,0.943,0.893,0.936,3.6,0.8,0,1.327,1.334,1.357,1.666666667,1,0.930333333,0.944285714,1.466666667,0.714285714,1.307666667,1.349571429,5,7,4.4,5
06/08/2025,0,0,0,0,0,0,0,1.233,0.858,0.2,4,0.8,0.955,0.943,0.893,0,3.6,0.8,1.262,1.327,1.334,1.4,1,0.918666667,0.931857143,1.2,0.714285714,1.274,1.324,4.2,7,3.6,5
07/08/2025,0,0,0,0,0,0.8,1.2,1.191,0.86,0,0.2,4,0.858,0.955,0.943,0,0,3.6,1.233,1.262,1.327,0.466666667,0.885714286,0.891,0.919428571,0.266666667,0.742857143,1.228666667,1.298,1.4,6.2,0.8,5.2
08/08/2025,0,0,0,0,0,0,0,1.178,0.856,1.2,0,0.2,0.86,0.858,0.955,0.8,0,0,1.191,1.233,1.262,0.4,0.885714286,0.858,0.900142857,0.266666667,0.742857143,1.200666667,1.268857143,1.2,6.2,0.8,5.2
09/08/2025,0,0,0,0,0,0,0.2,1.177,0.816,0,1.2,0,0.856,0.86,0.858,0,0.8,0,1.178,1.191,1.233,0.466666667,0.914285714,0.844,0.883,0.266666667,0.742857143,1.182,1.243142857,1.4,6.4,0.8,5.2
10/08/2025,0,0,0,0,0,0.2,0,1.136,0.786,0.2,0,1.2,0.816,0.856,0.86,0,0,0.8,1.177,1.178,1.191,0.066666667,0.8,0.819333333,0.867714286,0.066666667,0.657142857,1.163666667,1.214857143,0.2,5.6,0.2,4.6
11/08/2025,0,0,1,0,0,4.2,3.6,1.188,0.822,0,0.2,0,0.786,0.816,0.856,0.2,0,0,1.136,1.177,1.178,1.266666667,0.742857143,0.808,0.850428571,1.466666667,0.742857143,1.167,1.195,3.8,5.2,4.4,5.2
12/08/2025,0,0,1,1,0,0.2,0.2,1.245,0.872,3.6,0,0.2,0.822,0.786,0.816,4.2,0.2,0,1.188,1.136,1.177,1.266666667,0.742857143,0.826666667,0.838571429,1.533333333,0.771428571,1.189666667,1.192571429,3.8,5.2,4.6,5.4
13/08/2025,0,0,0,1,1,0,0,1.21,0.807,0.2,3.6,0,0.872,0.822,0.786,0.2,4.2,0.2,1.245,1.188,1.136,1.266666667,0.742857143,0.833666667,0.831285714,1.466666667,0.771428571,1.214333333,1.189285714,3.8,5.2,4.4,5.4
14/08/2025,0,0,0,0,0,0,0,1.134,0.754,0,0.2,3.6,0.807,0.872,0.822,0,0.2,4.2,1.21,1.245,1.188,0.066666667,0.571428571,0.811,0.816142857,0.066666667,0.657142857,1.196333333,1.181142857,0.2,4,0.2,4.6
15/08/2025,0,0,0,0,0,0.2,0,1.091,0.751,0,0,0.2,0.754,0.807,0.872,0,0,0.2,1.134,1.21,1.245,0,0.571428571,0.770666667,0.801142857,0.066666667,0.685714286,1.145,1.168714286,0,4,0.2,4.8
16/08/2025,0,0,0,0,0,0,0,1.095,0.756,0,0,0,0.751,0.754,0.807,0.2,0,0,1.091,1.134,1.21,0,0.542857143,0.753666667,0.792571429,0.066666667,0.685714286,1.106666667,1.157,0,3.8,0.2,4.8
17/08/2025,0,0,0,0,0,0,0,1.068,0.747,0,0,0,0.756,0.751,0.754,0,0.2,0,1.095,1.091,1.134,0,0.542857143,0.751333333,0.787,0.066666667,0.657142857,1.084666667,1.147285714,0,3.8,0.2,4.6
18/08/2025,0,0,0,0,0,0.2,0.2,1.083,0.743,0,0,0,0.747,0.756,0.751,0,0,0.2,1.068,1.095,1.091,0.066666667,0.057142857,0.748666667,0.775714286,0.066666667,0.085714286,1.082,1.132285714,0.2,0.4,0.2,0.6
19/08/2025,0,0,0,0,0,0.4,0.8,1.102,0.764,0.2,0,0,0.743,0.747,0.756,0.2,0,0,1.083,1.068,1.095,0.333333333,0.142857143,0.751333333,0.760285714,0.2,0.114285714,1.084333333,1.111857143,1,1,0.6,0.8
20/08/2025,0,0,0,0,0,0,0,1.105,0.77,0.8,0.2,0,0.764,0.743,0.747,0.4,0.2,0,1.102,1.083,1.068,0.333333333,0.142857143,0.759,0.755,0.2,0.114285714,1.096666667,1.096857143,1,1,0.6,0.8
21/08/2025,0,0,0,0,0,0,0,1.081,0.769,0,0.8,0.2,0.77,0.764,0.743,0,0.4,0.2,1.105,1.102,1.083,0.266666667,0.142857143,0.767666667,0.757142857,0.133333333,0.114285714,1.096,1.089285714,0.8,1,0.4,0.8
22/08/2025,0,0,0,0,0,0,0,1.104,0.756,0,0,0.8,0.769,0.77,0.764,0,0,0.4,1.081,1.105,1.102,0,0.142857143,0.765,0.757857143,0,0.085714286,1.096666667,1.091142857,0,1,0,0.6
23/08/2025,0,0,0,0,0,0,0,1.114,0.754,0,0,0,0.756,0.769,0.77,0,0,0,1.104,1.081,1.105,0,0.142857143,0.759666667,0.757571429,0,0.085714286,1.099666667,1.093857143,0,1,0,0.6
24/08/2025,0,0,0,0,0,0,0,1.082,0.739,0,0,0,0.754,0.756,0.769,0,0,0,1.114,1.104,1.081,0,0.142857143,0.749666667,0.756428571,0,0.085714286,1.1,1.095857143,0,1,0,0.6
25/08/2025,0,0,0,0,0,0,0,1.055,0.711,0,0,0,0.739,0.754,0.756,0,0,0,1.082,1.114,1.104,0,0.114285714,0.734666667,0.751857143,0,0.057142857,1.083666667,1.091857143,0,0.8,0,0.4
26/08/2025,0,0,0,0,0,0.6,0.6,1.057,0.719,0,0,0,0.711,0.739,0.754,0,0,0,1.055,1.082,1.114,0.2,0.085714286,0.723,0.745428571,0.2,0.085714286,1.064666667,1.085428571,0.6,0.6,0.6,0.6
27/08/2025,0,0,0,0,0,0.4,1.6,1.039,0.743,0.6,0,0,0.719,0.711,0.739,0.6,0,0,1.057,1.055,1.082,0.733333333,0.314285714,0.724333333,0.741571429,0.333333333,0.142857143,1.050333333,1.076,2.2,2.2,1,1
28/08/2025,0,0,0,0,0,3.2,0.8,1.101,0.796,1.6,0.6,0,0.743,0.719,0.711,0.4,0.6,0,1.039,1.057,1.055,1,0.428571429,0.752666667,0.745428571,1.4,0.6,1.065666667,1.078857143,3,3,4.2,4.2
29/08/2025,0,0,0,0,0,0,0,1.16,0.782,0.8,1.6,0.6,0.796,0.743,0.719,3.2,0.4,0.6,1.101,1.039,1.057,0.8,0.428571429,0.773666667,0.749142857,1.2,0.6,1.1,1.086857143,2.4,3,3.6,4.2
30/08/2025,0,0,0,0,0,0,0,1.15,0.76,0,0.8,1.6,0.782,0.796,0.743,0,3.2,0.4,1.16,1.101,1.039,0.266666667,0.428571429,0.779333333,0.75,1.066666667,0.6,1.137,1.092,0.8,3,3.2,4.2
31/08/2025,0,0,1,0,0,0.8,1.6,1.102,0.81,0,0,0.8,0.76,0.782,0.796,0,0,3.2,1.15,1.16,1.101,0.533333333,0.657142857,0.784,0.760142857,0.266666667,0.714285714,1.137333333,1.094857143,1.6,4.6,0.8,5
01/09/2025,0,0,0,1,0,0,1.6,1.121,0.806,1.6,0,0,0.81,0.76,0.782,0.8,0,0,1.102,1.15,1.16,1.066666667,0.885714286,0.792,0.773714286,0.266666667,0.714285714,1.124333333,1.104285714,3.2,6.2,0.8,5
02/09/2025,0,0,0,0,0,0,5,1.124,0.827,1.6,1.6,0,0.806,0.81,0.76,0,0.8,0,1.121,1.102,1.15,2.733333333,1.514285714,0.814333333,0.789142857,0.266666667,0.628571429,1.115666667,1.113857143,8.2,10.6,0.8,4.4
03/09/2025,1,0,1,0,0,10.2,10.4,1.373,1.121,5,1.6,1.6,0.827,0.806,0.81,0,0,0.8,1.124,1.121,1.102,5.666666667,2.771428571,0.918,0.843142857,3.4,2.028571429,1.206,1.161571429,17,19.4,10.2,14.2
04/09/2025,0,1,1,1,0,2,0.8,1.665,1.507,10.4,5,1.6,1.121,0.827,0.806,10.2,0,0,1.373,1.124,1.121,5.4,2.771428571,1.151666667,0.944714286,4.066666667,1.857142857,1.387333333,1.242142857,16.2,19.4,12.2,13
05/09/2025,0,0,0,1,1,0,0,1.808,1.154,0.8,10.4,5,1.507,1.121,0.827,2,10.2,0,1.665,1.373,1.124,3.733333333,2.771428571,1.260666667,0.997857143,4.066666667,1.857142857,1.615333333,1.334714286,11.2,19.4,12.2,13
06/09/2025,0,0,0,0,0,0,0,1.612,0.978,0,0.8,10.4,1.154,1.507,1.121,0,2,10.2,1.808,1.665,1.373,0.266666667,2.771428571,1.213,1.029,0.666666667,1.857142857,1.695,1.400714286,0.8,19.4,2,13
07/09/2025,0,0,0,0,0,0.6,1,1.429,0.933,0,0,0.8,0.978,1.154,1.507,0,0,2,1.612,1.808,1.665,0.333333333,2.685714286,1.021666667,1.046571429,0.2,1.828571429,1.616333333,1.447428571,1,18.8,0.6,12.8
08/09/2025,0,0,0,0,0,0.4,0.2,1.337,0.902,1,0,0,0.933,0.978,1.154,0.6,0,0,1.429,1.612,1.808,0.4,2.485714286,0.937666667,1.060285714,0.333333333,1.885714286,1.459333333,1.478285714,1.2,17.4,1,13.2
09/09/2025,0,0,0,0,0,0,0,1.282,0.859,0.2,1,0,0.902,0.933,0.978,0.4,0.6,0,1.337,1.429,1.612,0.4,1.771428571,0.898,1.064857143,0.333333333,1.885714286,1.349333333,1.500857143,1.2,12.4,1,13.2
10/09/2025,0,0,1,0,0,5,10.8,1.297,0.963,0,0.2,1,0.859,0.902,0.933,0,0.4,0.6,1.282,1.337,1.429,3.666666667,1.828571429,0.908,1.042285714,1.8,1.142857143,1.305333333,1.49,11,12.8,5.4,8
11/09/2025,1,0,1,1,0,1.6,7.8,1.555,2.796,10.8,0,0.2,0.963,0.859,0.902,5,0,0.4,1.297,1.282,1.337,6.2,2.828571429,1.539333333,1.226428571,2.2,1.085714286,1.378,1.474285714,18.6,19.8,6.6,7.6
12/09/2025,0,1,0,1,0,0,0.4,2.705,2.197,7.8,10.8,0,2.796,0.963,0.859,1.6,5,0,1.555,1.297,1.282,6.333333333,2.885714286,1.985333333,1.375428571,2.2,1.085714286,1.852333333,1.602428571,19,20.2,6.6,7.6
13/09/2025,0,0,0,0,0,2,6,2.48,1.788,0.4,7.8,10.8,2.197,2.796,0.963,0,1.6,5,2.705,1.555,1.297,4.733333333,3.742857143,2.260333333,1.491142857,1.2,1.371428571,2.246666667,1.726428571,14.2,26.2,3.6,9.6
14/09/2025,0,0,1,0,0,5.6,8,2.54,2.322,6,0.4,7.8,1.788,2.197,2.796,2,0,1.6,2.48,2.705,1.555,4.8,4.742857143,2.102333333,1.689571429,2.533333333,2.085714286,2.575,1.885142857,14.4,33.2,7.6,14.6
15/09/2025,0,0,1,1,0,6.8,6.6,5.714,6.955,8,6,0.4,2.322,1.788,2.197,5.6,2,0,2.54,2.48,2.705,6.866666667,5.657142857,3.688333333,2.554285714,4.8,3,3.578,2.510428571,20.6,39.6,14.4,21
16/09/2025,0,0,1,1,1,3.2,3.2,7.078,4.851,6.6,8,6,6.955,2.322,1.788,6.8,5.6,2,5.714,2.54,2.48,5.933333333,6.114285714,4.709333333,3.124571429,5.2,3.457142857,5.110666667,3.338428571,17.8,42.8,15.6,24.2
17/09/2025,0,0,1,1,1,1.8,2,5.082,3.314,3.2,6.6,8,4.851,6.955,2.322,3.2,6.8,5.6,7.078,5.714,2.54,3.933333333,4.857142857,5.04,3.460428571,3.933333333,3,5.958,3.879142857,11.8,34,11.8,21
18/09/2025,0,0,0,1,1,0.6,3.2,3.808,2.625,2,3.2,6.6,3.314,4.851,6.955,1.8,3.2,6.8,5.082,7.078,5.714,2.8,4.2,3.596666667,3.436,1.866666667,2.857142857,5.322666667,4.201,8.4,29.4,5.6,20
19/09/2025,0,0,0,0,1,3.4,13.6,3.675,3.544,3.2,2,3.2,2.625,3.314,4.851,0.6,1.8,3.2,3.808,5.082,7.078,6.266666667,6.085714286,3.161,3.628428571,1.933333333,3.342857143,4.188333333,4.339571429,18.8,42.6,5.8,23.4
20/09/2025,1,0,1,0,0,20.8,27.6,8.533,10.769,13.6,3.2,2,3.544,2.625,3.314,3.4,0.6,1.8,3.675,3.808,5.082,14.8,9.171428571,5.646,4.911428571,8.266666667,6.028571429,5.338666667,5.204285714,44.4,64.2,24.8,42.2
21/09/2025,1,1,1,1,0,0.4,0.8,21.933,12.637,27.6,13.6,3.2,10.769,3.544,2.625,20.8,3.4,0.6,8.533,3.675,3.808,14,8.142857143,8.983333333,6.385,8.2,5.285714286,11.38033333,7.974714286,42,57,24.6,37
22/09/2025,0,1,0,1,0,0,0,9.165,5.468,0.8,27.6,13.6,12.637,10.769,3.544,0.4,20.8,3.4,21.933,8.533,3.675,9.466666667,7.2,9.624666667,6.172571429,7.066666667,4.314285714,13.21033333,8.467714286,28.4,50.4,21.2,30.2
23/09/2025,0,0,0,0,1,0,0,6.195,3.772,0,0.8,27.6,5.468,12.637,10.769,0,0.4,20.8,9.165,21.933,8.533,0.266666667,6.742857143,7.292333333,6.018428571,0.133333333,3.857142857,12.431,8.341571429,0.8,47.2,0.4,27
24/09/2025,0,0,0,0,0,1.6,1.2,4.648,2.895,0,0,0.8,3.772,5.468,12.637,0,0,0.4,6.195,9.165,21.933,0.4,6.628571429,4.045,5.958571429,0.533333333,3.828571429,6.669333333,8.279571429,1.2,46.4,1.6,26.8
25/09/2025,0,0,0,0,0,0,0,3.779,2.41,1.2,0,0,2.895,3.772,5.468,1.6,0,0,4.648,6.195,9.165,0.4,6.171428571,3.025666667,5.927857143,0.533333333,3.742857143,4.874,8.275428571,1.2,43.2,1.6,26.2
26/09/2025,0,0,0,0,0,0.2,0.2,3.183,2.099,0,1.2,0,2.41,2.895,3.772,0,1.6,0,3.779,4.648,6.195,0.466666667,4.257142857,2.468,5.721428571,0.6,3.285714286,3.87,8.205142857,1.4,29.8,1.8,23
27/09/2025,0,0,1,0,0,2.6,3.4,2.933,1.911,0.2,0,1.2,2.099,2.41,2.895,0.2,0,1.6,3.183,3.779,4.648,1.2,0.8,2.14,4.456,0.933333333,0.685714286,3.298333333,7.405142857,3.6,5.6,2.8,4.8
28/09/2025,0,0,0,1,0,0.2,0,2.707,1.864,3.4,0.2,0,1.911,2.099,2.41,2.6,0.2,0,2.933,3.183,3.779,1.2,0.685714286,1.958,2.917,1,0.657142857,2.941,4.658571429,3.6,4.8,3,4.6
29/09/2025,0,0,0,0,0,0,0,2.57,1.678,0,3.4,0.2,1.864,1.911,2.099,0.2,2.6,0.2,2.707,2.933,3.183,1.133333333,0.685714286,1.817666667,2.375571429,0.933333333,0.657142857,2.736666667,3.716428571,3.4,4.8,2.8,4.6
30/09/2025,0,0,0,0,0,0,0,2.373,1.575,0,0,3.4,1.678,1.864,1.911,0,0.2,2.6,2.57,2.707,2.933,0,0.685714286,1.705666667,2.061714286,0.066666667,0.657142857,2.55,3.170428571,0,4.8,0.2,4.6
01/10/2025,0,0,1,0,0,8.4,7,2.587,1.832,0,0,0,1.575,1.678,1.864,0,0,0.2,2.373,2.57,2.707,2.333333333,1.514285714,1.695,1.909857143,2.8,1.628571429,2.51,2.876,7,10.6,8.4,11.4
02/10/2025,0,0,1,1,0,4,5.4,2.724,2.138,7,0,0,1.832,1.575,1.678,8.4,0,0,2.587,2.373,2.57,4.133333333,2.285714286,1.848333333,1.871,4.133333333,2.2,2.561333333,2.725285714,12.4,16,12.4,15.4
03/10/2025,1,0,1,1,1,15.6,13.8,8.304,12.455,5.4,7,0,2.138,1.832,1.575,4,8.4,0,2.724,2.587,2.373,8.733333333,4.228571429,5.475,3.350428571,9.333333333,4.4,4.538333333,3.456857143,26.2,29.6,28,30.8
04/10/2025,0,1,1,1,1,0,0,18.655,9.729,13.8,5.4,7,12.455,2.138,1.832,15.6,4,8.4,8.304,2.724,2.587,6.4,3.742857143,8.107333333,4.467285714,6.533333333,4.028571429,9.894333333,5.702857143,19.2,26.2,19.6,28.2
05/10/2025,0,0,0,1,1,0.2,0.2,8.273,4.966,0,13.8,5.4,9.729,12.455,2.138,0,15.6,4,18.655,8.304,2.724,4.666666667,3.771428571,9.05,4.910428571,5.266666667,4.028571429,11.744,6.498,14,26.4,15.8,28.2
06/10/2025,0,0,1,0,1,2.6,0.8,5.886,3.679,0.2,0,13.8,4.966,9.729,12.455,0.2,0,15.6,8.273,18.655,8.304,0.333333333,3.885714286,6.124666667,5.196285714,0.933333333,4.4,10.938,6.971714286,1,27.2,2.8,30.8
07/10/2025,0,0,0,1,0,0,0,4.663,2.99,0.8,0.2,0,3.679,4.966,9.729,2.6,0.2,0,5.886,8.273,18.655,0.333333333,3.885714286,3.878333333,5.398428571,0.933333333,4.4,6.274,7.298857143,1,27.2,2.8,30.8
08/10/2025,0,0,0,0,0,0,0.2,3.861,2.569,0,0.8,0.2,2.99,3.679,4.966,0,2.6,0.2,4.663,5.886,8.273,0.333333333,2.914285714,3.079333333,5.503714286,0.866666667,3.2,4.803333333,7.480857143,1,20.4,2.6,22.4
09/10/2025,0,0,0,0,0,0,0,3.304,2.244,0.2,0,0.8,2.569,2.99,3.679,0,0,2.6,3.861,4.663,5.886,0.066666667,2.142857143,2.601,5.518857143,0,2.628571429,3.942666667,7.563714286,0.2,15,0,18.4
10/10/2025,0,0,0,0,0,0,0,2.95,2.033,0,0.2,0,2.244,2.569,2.99,0,0,0,3.304,3.861,4.663,0.066666667,0.171428571,2.282,4.03,0,0.4,3.371666667,6.798857143,0.2,1.2,0,2.8
11/10/2025,0,0,0,0,0,0,0,2.762,1.858,0,0,0.2,2.033,2.244,2.569,0,0,0,2.95,3.304,3.861,0,0.171428571,2.045,2.905571429,0,0.4,3.005333333,4.528428571,0,1.2,0,2.8
12/10/2025,0,0,0,0,0,0,0,2.556,1.74,0,0,0,1.858,2.033,2.244,0,0,0,2.762,2.95,3.304,0,0.142857143,1.877,2.444714286,0,0.371428571,2.756,3.711714286,0,1,0,2.6
13/10/2025,0,0,0,0,0,0,0,2.449,1.659,0,0,0,1.74,1.858,2.033,0,0,0,2.556,2.762,2.95,0,0.028571429,1.752333333,2.156142857,0,0,2.589,3.220714286,0,0.2,0,0
14/10/2025,0,0,0,0,0,0.2,0,2.318,1.59,0,0,0,1.659,1.74,1.858,0,0,0,2.449,2.556,2.762,0,0.028571429,1.663,1.956142857,0.066666667,0.028571429,2.441,2.885714286,0,0.2,0.2,0.2
15/10/2025,0,0,0,0,0,0,0,2.231,1.532,0,0,0,1.59,1.659,1.74,0.2,0,0,2.318,2.449,2.556,0,0,1.593666667,1.808,0.066666667,0.028571429,2.332666667,2.652857143,0,0,0.2,0.2
16/10/2025,0,0,0,0,0,0,0,2.146,1.48,0,0,0,1.532,1.59,1.659,0,0.2,0,2.231,2.318,2.449,0,0,1.534,1.698857143,0.066666667,0.028571429,2.231666667,2.487428571,0,0,0.2,0.2
17/10/2025,0,0,0,0,0,0,0,2.08,1.44,0,0,0,1.48,1.532,1.59,0,0,0.2,2.146,2.231,2.318,0,0,1.484,1.614142857,0,0.028571429,2.152333333,2.363142857,0,0,0,0.2
18/10/2025,0,0,0,0,0,0,0,2.045,1.397,0,0,0,1.44,1.48,1.532,0,0,0,2.08,2.146,2.231,0,0,1.439,1.548285714,0,0.028571429,2.090333333,2.260714286,0,0,0,0.2
19/10/2025,1,0,1,0,0,18.8,17.6,3.315,1.817,0,0,0,1.397,1.44,1.48,0,0,0,2.045,2.08,2.146,5.866666667,2.514285714,1.551333333,1.559285714,6.266666667,2.714285714,2.48,2.369142857,17.6,17.6,18.8,19
20/10/2025,1,1,1,1,0,4,3,9.346,6.699,17.6,0,0,1.817,1.397,1.44,18.8,0,0,3.315,2.045,2.08,6.866666667,2.942857143,3.304333333,2.279285714,7.6,3.285714286,4.902,3.354428571,20.6,20.6,22.8,23
21/10/2025,0,1,0,1,0,0.8,0.4,7.157,3.904,3,17.6,0,6.699,1.817,1.397,4,18.8,0,9.346,3.315,2.045,7,3,4.14,2.609857143,7.866666667,3.371428571,6.606,4.045714286,21,21,23.6,23.6
22/10/2025,0,0,0,0,1,0,0,4.968,2.869,0.4,3,17.6,3.904,6.699,1.817,0.8,4,18.8,7.157,9.346,3.315,1.133333333,3,4.490666667,2.800857143,1.6,3.371428571,7.157,4.436714286,3.4,21,4.8,23.6
23/10/2025,0,0,1,0,0,2.6,7.4,4.033,2.444,0,0.4,3,2.869,3.904,6.699,0,0.8,4,4.968,7.157,9.346,2.6,4.057142857,3.072333333,2.938571429,1.133333333,3.742857143,5.386,4.706285714,7.8,28.4,3.4,26.2
24/10/2025,1,0,1,1,0,10.8,3.8,4.046,3.499,7.4,0,0.4,2.444,2.869,3.904,2.6,0,0.8,4.033,4.968,7.157,3.733333333,4.6,2.937333333,3.232714286,4.466666667,5.285714286,4.349,4.987142857,11.2,32.2,13.4,37
25/10/2025,0,1,1,1,1,0.2,0,9.819,7.746,3.8,7.4,0,3.499,2.444,2.869,10.8,2.6,0,4.046,4.033,4.968,3.733333333,4.6,4.563,4.139714286,4.533333333,5.314285714,5.966,6.097714286,11.2,32.2,13.6,37.2
26/10/2025,0,0,0,1,1,0.6,0.8,7.193,4.549,0,3.8,7.4,7.746,3.499,2.444,0.2,10.8,2.6,9.819,4.046,4.033,1.533333333,2.2,5.264666667,4.53,3.866666667,2.714285714,7.019333333,6.651714286,4.6,15.4,11.6,19
27/10/2025,1,0,1,0,0,5.6,1.2,5.652,3.735,0.8,0,3.8,4.549,7.746,3.499,0.6,0.2,10.8,7.193,9.819,4.046,0.666666667,1.942857143,5.343333333,4.106571429,2.133333333,2.942857143,7.554666667,6.124,2,13.6,6.4,20.6
28/10/2025,0,1,1,1,0,0.4,1.4,4.896,3.615,1.2,0.8,0,3.735,4.549,7.746,5.6,0.6,0.2,5.652,7.193,9.819,1.133333333,2.085714286,3.966333333,4.065285714,2.2,2.885714286,5.913666667,5.801,3.4,14.6,6.6,20.2
29/10/2025,0,0,0,1,1,1.4,1.6,4.798,3.895,1.4,1.2,0.8,3.615,3.735,4.549,0.4,5.6,0.6,4.896,5.652,7.193,1.4,2.314285714,3.748333333,4.211857143,2.466666667,3.085714286,5.115333333,5.776714286,4.2,16.2,7.4,21.6
30/10/2025,0,0,0,0,0,0.2,0.2,4.727,3.308,1.6,1.4,1.2,3.895,3.615,3.735,1.4,0.4,5.6,4.798,4.896,5.652,1.066666667,1.285714286,3.606,4.335285714,0.666666667,2.742857143,4.807,5.875857143,3.2,9,2,19.2
31/10/2025,0,0,1,0,0,2.6,2.6,4.375,3.236,0.2,1.6,1.4,3.308,3.895,3.615,0.2,1.4,0.4,4.727,4.798,4.896,1.466666667,1.114285714,3.479666667,4.297714286,1.4,1.571428571,4.633333333,5.922857143,4.4,7.8,4.2,11
01/11/2025,0,0,1,1,0,2.4,6.1,6.608,6.797,2.6,0.2,1.6,3.236,3.308,3.895,2.6,0.2,1.4,4.375,4.727,4.798,2.966666667,1.985714286,4.447,4.162142857,1.733333333,1.885714286,5.236666667,5.464142857,8.9,13.9,5.2,13.2
02/11/2025,0,0,0,1,0,0.4,1.1,8.467,5.216,6.1,2.6,0.2,6.797,3.236,3.308,2.4,2.6,0.2,6.608,4.375,4.727,3.266666667,2.028571429,5.083,4.257428571,1.8,1.857142857,6.483333333,5.646142857,9.8,14.2,5.4,13
17/11/2025,0,0,1,0,1,2.6,1.3,11.865,7.02,1.1,6.1,2.6,5.216,6.797,3.236,0.4,2.4,2.6,8.467,6.608,4.375,2.833333333,2.042857143,6.344333333,4.726714286,1.8,1.428571429,8.98,6.533714286,8.5,14.3,5.4,10
18/11/2025,1,0,1,1,0,11,11,13.645,7.649,1.3,1.1,6.1,7.02,5.216,6.797,2.6,0.4,2.4,11.865,8.467,6.608,4.466666667,3.414285714,6.628333333,5.303,4.666666667,2.942857143,11.32566667,7.783571429,13.4,23.9,14,20.6
19/11/2025,1,1,1,1,1,5.6,10.1,27.426,10.803,11,1.3,1.1,7.649,7.02,5.216,11,2.6,0.4,13.645,11.865,8.467,7.466666667,4.628571429,8.490666667,6.289857143,6.4,3.542857143,17.64533333,11.01614286,22.4,32.4,19.2,24.8
20/11/2025,1,1,1,1,1,12.8,7.1,16.625,7.902,10.1,11,1.3,10.803,7.649,7.02,5.6,11,2.6,27.426,13.645,11.865,9.4,5.614285714,8.784666667,6.946142857,9.8,5.342857143,19.232,12.71585714,28.2,39.3,29.4,37.4
